Date,District,Block,State,Rainfall_mm,Temp_Max_C,Temp_Min_C,RH_Morning_pct,RH_Afternoon_pct,Wind_Speed_kmh,Wind_Direction,Cloud_Cover_Octa,Sky_Condition,Issued_By
2026-08-21,Bagalkote,Bagalkote,Karnataka,0.0,35.0,23.0,74,38,15,NW,2,Mainly clear sky with dry weather,IMD New Delhi & Meteorological Centre Bengaluru
2026-08-22,Bagalkote,Bagalkote,Karnataka,0.0,36.5,24.0,74,38,15,NW,2,Mainly clear sky with dry weather,IMD New Delhi & Meteorological Centre Bengaluru
2026-08-23,Bagalkote,Bagalkote,Karnataka,0.0,38.0,22.0,74,38,15,NW,2,Mainly clear sky with dry weather,IMD New Delhi & Meteorological Centre Bengaluru
2026-08-24,Bagalkote,Bagalkote,Karnataka,0.0,35.0,23.0,74,38,15,NW,2,Mainly clear sky with dry weather,IMD New Delhi & Meteorological Centre Bengaluru
2026-08-25,Bagalkote,Bagalkote,Karnataka,0.0,36.5,24.0,74,38,15,NW,2,Mainly clear sky with dry weather,IMD New Delhi & Meteorological Centre Bengaluru
2026-08-21,Bagalkote,Badami,Karnataka,0.0,35.0,23.0,74,38,15,NW,2,Mainly clear sky with dry weather,IMD New Delhi & Meteorological Centre Bengaluru
2026-08-22,Bagalkote,Badami,Karnataka,0.0,36.5,24.0,74,38,15,NW,2,Mainly clear sky with dry weather,IMD New Delhi & Meteorological Centre Bengaluru
2026-08-23,Bagalkote,Badami,Karnataka,0.0,38.0,22.0,74,38,15,NW,2,Mainly clear sky with dry weather,IMD New Delhi & Meteorological Centre Bengaluru
2026-08-24,Bagalkote,Badami,Karnataka,0.0,35.0,23.0,74,38,15,NW,2,Mainly clear sky with dry weather,IMD New Delhi & Meteorological Centre Bengaluru
2026-08-25,Bagalkote,Badami,Karnataka,0.0,36.5,24.0,74,38,15,NW,2,Mainly clear sky with dry weather,IMD New Delhi & Meteorological Centre Bengaluru
2026-08-21,Bagalkote,Bilagi,Karnataka,0.0,35.0,23.0,74,38,15,NW,2,Mainly clear sky with dry weather,IMD New Delhi & Meteorological Centre Bengaluru
2026-08-22,Bagalkote,Bilagi,Karnataka,0.0,36.5,24.0,74,38,15,NW,2,Mainly clear sky with dry weather,IMD New Delhi & Meteorological Centre Bengaluru
2026-08-23,Bagalkote,Bilagi,Karnataka,0.0,38.0,22.0,74,38,15,NW,2,Mainly clear sky with dry weather,IMD New Delhi & Meteorological Centre Bengaluru
2026-08-24,Bagalkote,Bilagi,Karnataka,0.0,35.0,23.0,74,38,15,NW,2,Mainly clear sky with dry weather,IMD New Delhi & Meteorological Centre Bengaluru
2026-08-25,Bagalkote,Bilagi,Karnataka,0.0,36.5,24.0,74,38,15,NW,2,Mainly clear sky with dry weather,IMD New Delhi & Meteorological Centre Bengaluru
2026-08-21,Bagalkote,Guledgudda,Karnataka,0.0,35.0,23.0,74,38,15,NW,2,Mainly clear sky with dry weather,IMD New Delhi & Meteorological Centre Bengaluru
2026-08-22,Bagalkote,Guledgudda,Karnataka,0.0,36.5,24.0,74,38,15,NW,2,Mainly clear sky with dry weather,IMD New Delhi & Meteorological Centre Bengaluru
2026-08-23,Bagalkote,Guledgudda,Karnataka,0.0,38.0,22.0,74,38,15,NW,2,Mainly clear sky with dry weather,IMD New Delhi & Meteorological Centre Bengaluru
2026-08-24,Bagalkote,Guledgudda,Karnataka,0.0,35.0,23.0,74,38,15,NW,2,Mainly clear sky with dry weather,IMD New Delhi & Meteorological Centre Bengaluru
2026-08-25,Bagalkote,Guledgudda,Karnataka,0.0,36.5,24.0,74,38,15,NW,2,Mainly clear sky with dry weather,IMD New Delhi & Meteorological Centre Bengaluru
2026-08-21,Bagalkote,Hungund,Karnataka,0.0,35.0,23.0,74,38,15,NW,2,Mainly clear sky with dry weather,IMD New Delhi & Meteorological Centre Bengaluru
2026-08-22,Bagalkote,Hungund,Karnataka,0.0,36.5,24.0,74,38,15,NW,2,Mainly clear sky with dry weather,IMD New Delhi & Meteorological Centre Bengaluru
2026-08-23,Bagalkote,Hungund,Karnataka,0.0,38.0,22.0,74,38,15,NW,2,Mainly clear sky with dry weather,IMD New Delhi & Meteorological Centre Bengaluru
2026-08-24,Bagalkote,Hungund,Karnataka,0.0,35.0,23.0,74,38,15,NW,2,Mainly clear sky with dry weather,IMD New Delhi & Meteorological Centre Bengaluru
2026-08-25,Bagalkote,Hungund,Karnataka,0.0,36.5,24.0,74,38,15,NW,2,Mainly clear sky with dry weather,IMD New Delhi & Meteorological Centre Bengaluru
2026-08-21,Bagalkote,Ilkal,Karnataka,0.0,35.0,23.0,74,38,15,NW,2,Mainly clear sky with dry weather,IMD New Delhi & Meteorological Centre Bengaluru
2026-08-22,Bagalkote,Ilkal,Karnataka,0.0,36.5,24.0,74,38,15,NW,2,Mainly clear sky with dry weather,IMD New Delhi & Meteorological Centre Bengaluru
2026-08-23,Bagalkote,Ilkal,Karnataka,0.0,38.0,22.0,74,38,15,NW,2,Mainly clear sky with dry weather,IMD New Delhi & Meteorological Centre Bengaluru
2026-08-24,Bagalkote,Ilkal,Karnataka,0.0,35.0,23.0,74,38,15,NW,2,Mainly clear sky with dry weather,IMD New Delhi & Meteorological Centre Bengaluru
2026-08-25,Bagalkote,Ilkal,Karnataka,0.0,36.5,24.0,74,38,15,NW,2,Mainly clear sky with dry weather,IMD New Delhi & Meteorological Centre Bengaluru
2026-08-21,Bagalkote,Jamkhandi,Karnataka,0.0,35.0,23.0,74,38,15,NW,2,Mainly clear sky with dry weather,IMD New Delhi & Meteorological Centre Bengaluru
2026-08-22,Bagalkote,Jamkhandi,Karnataka,0.0,36.5,24.0,74,38,15,NW,2,Mainly clear sky with dry weather,IMD New Delhi & Meteorological Centre Bengaluru
2026-08-23,Bagalkote,Jamkhandi,Karnataka,0.0,38.0,22.0,74,38,15,NW,2,Mainly clear sky with dry weather,IMD New Delhi & Meteorological Centre Bengaluru
2026-08-24,Bagalkote,Jamkhandi,Karnataka,0.0,35.0,23.0,74,38,15,NW,2,Mainly clear sky with dry weather,IMD New Delhi & Meteorological Centre Bengaluru
2026-08-25,Bagalkote,Jamkhandi,Karnataka,0.0,36.5,24.0,74,38,15,NW,2,Mainly clear sky with dry weather,IMD New Delhi & Meteorological Centre Bengaluru
2026-08-21,Bagalkote,Mudhol,Karnataka,0.0,35.0,23.0,74,38,15,NW,2,Mainly clear sky with dry weather,IMD New Delhi & Meteorological Centre Bengaluru
2026-08-22,Bagalkote,Mudhol,Karnataka,0.0,36.5,24.0,74,38,15,NW,2,Mainly clear sky with dry weather,IMD New Delhi & Meteorological Centre Bengaluru
2026-08-23,Bagalkote,Mudhol,Karnataka,0.0,38.0,22.0,74,38,15,NW,2,Mainly clear sky with dry weather,IMD New Delhi & Meteorological Centre Bengaluru
2026-08-24,Bagalkote,Mudhol,Karnataka,0.0,35.0,23.0,74,38,15,NW,2,Mainly clear sky with dry weather,IMD New Delhi & Meteorological Centre Bengaluru
2026-08-25,Bagalkote,Mudhol,Karnataka,0.0,36.5,24.0,74,38,15,NW,2,Mainly clear sky with dry weather,IMD New Delhi & Meteorological Centre Bengaluru
2026-08-21,Bagalkote,Rabkavi Banhatti,Karnataka,0.0,35.0,23.0,74,38,15,NW,2,Mainly clear sky with dry weather,IMD New Delhi & Meteorological Centre Bengaluru
2026-08-22,Bagalkote,Rabkavi Banhatti,Karnataka,0.0,36.5,24.0,74,38,15,NW,2,Mainly clear sky with dry weather,IMD New Delhi & Meteorological Centre Bengaluru
2026-08-23,Bagalkote,Rabkavi Banhatti,Karnataka,0.0,38.0,22.0,74,38,15,NW,2,Mainly clear sky with dry weather,IMD New Delhi & Meteorological Centre Bengaluru
2026-08-24,Bagalkote,Rabkavi Banhatti,Karnataka,0.0,35.0,23.0,74,38,15,NW,2,Mainly clear sky with dry weather,IMD New Delhi & Meteorological Centre Bengaluru
2026-08-25,Bagalkote,Rabkavi Banhatti,Karnataka,0.0,36.5,24.0,74,38,15,NW,2,Mainly clear sky with dry weather,IMD New Delhi & Meteorological Centre Bengaluru
2026-08-21,Ballari,Ballari,Karnataka,0.0,35.0,24.0,74,38,15,WNW,2,Mainly clear sky with dry weather,IMD New Delhi & Meteorological Centre Bengaluru
2026-08-22,Ballari,Ballari,Karnataka,0.0,36.5,25.0,74,38,15,WNW,2,Mainly clear sky with dry weather,IMD New Delhi & Meteorological Centre Bengaluru
2026-08-23,Ballari,Ballari,Karnataka,0.0,38.0,23.0,74,38,15,WNW,2,Mainly clear sky with dry weather,IMD New Delhi & Meteorological Centre Bengaluru
2026-08-24,Ballari,Ballari,Karnataka,0.0,35.0,24.0,74,38,15,WNW,2,Mainly clear sky with dry weather,IMD New Delhi & Meteorological Centre Bengaluru
2026-08-25,Ballari,Ballari,Karnataka,0.0,36.5,25.0,74,38,15,WNW,2,Mainly clear sky with dry weather,IMD New Delhi & Meteorological Centre Bengaluru
2026-08-21,Ballari,Kampli,Karnataka,0.0,35.0,24.0,74,38,15,WNW,2,Mainly clear sky with dry weather,IMD New Delhi & Meteorological Centre Bengaluru
2026-08-22,Ballari,Kampli,Karnataka,0.0,36.5,25.0,74,38,15,WNW,2,Mainly clear sky with dry weather,IMD New Delhi & Meteorological Centre Bengaluru
2026-08-23,Ballari,Kampli,Karnataka,0.0,38.0,23.0,74,38,15,WNW,2,Mainly clear sky with dry weather,IMD New Delhi & Meteorological Centre Bengaluru
2026-08-24,Ballari,Kampli,Karnataka,0.0,35.0,24.0,74,38,15,WNW,2,Mainly clear sky with dry weather,IMD New Delhi & Meteorological Centre Bengaluru
2026-08-25,Ballari,Kampli,Karnataka,0.0,36.5,25.0,74,38,15,WNW,2,Mainly clear sky with dry weather,IMD New Delhi & Meteorological Centre Bengaluru
2026-08-21,Ballari,Kurugodu,Karnataka,0.0,35.0,24.0,74,38,15,WNW,2,Mainly clear sky with dry weather,IMD New Delhi & Meteorological Centre Bengaluru
2026-08-22,Ballari,Kurugodu,Karnataka,0.0,36.5,25.0,74,38,15,WNW,2,Mainly clear sky with dry weather,IMD New Delhi & Meteorological Centre Bengaluru
2026-08-23,Ballari,Kurugodu,Karnataka,0.0,38.0,23.0,74,38,15,WNW,2,Mainly clear sky with dry weather,IMD New Delhi & Meteorological Centre Bengaluru
2026-08-24,Ballari,Kurugodu,Karnataka,0.0,35.0,24.0,74,38,15,WNW,2,Mainly clear sky with dry weather,IMD New Delhi & Meteorological Centre Bengaluru
2026-08-25,Ballari,Kurugodu,Karnataka,0.0,36.5,25.0,74,38,15,WNW,2,Mainly clear sky with dry weather,IMD New Delhi & Meteorological Centre Bengaluru
2026-08-21,Ballari,Sanduru,Karnataka,0.0,35.0,24.0,74,38,15,WNW,2,Mainly clear sky with dry weather,IMD New Delhi & Meteorological Centre Bengaluru
2026-08-22,Ballari,Sanduru,Karnataka,0.0,36.5,25.0,74,38,15,WNW,2,Mainly clear sky with dry weather,IMD New Delhi & Meteorological Centre Bengaluru
2026-08-23,Ballari,Sanduru,Karnataka,0.0,38.0,23.0,74,38,15,WNW,2,Mainly clear sky with dry weather,IMD New Delhi & Meteorological Centre Bengaluru
2026-08-24,Ballari,Sanduru,Karnataka,0.0,35.0,24.0,74,38,15,WNW,2,Mainly clear sky with dry weather,IMD New Delhi & Meteorological Centre Bengaluru
2026-08-25,Ballari,Sanduru,Karnataka,0.0,36.5,25.0,74,38,15,WNW,2,Mainly clear sky with dry weather,IMD New Delhi & Meteorological Centre Bengaluru
2026-08-21,Ballari,Siruguppa,Karnataka,0.0,35.0,24.0,74,38,15,WNW,2,Mainly clear sky with dry weather,IMD New Delhi & Meteorological Centre Bengaluru
2026-08-22,Ballari,Siruguppa,Karnataka,0.0,36.5,25.0,74,38,15,WNW,2,Mainly clear sky with dry weather,IMD New Delhi & Meteorological Centre Bengaluru
2026-08-23,Ballari,Siruguppa,Karnataka,0.0,38.0,23.0,74,38,15,WNW,2,Mainly clear sky with dry weather,IMD New Delhi & Meteorological Centre Bengaluru
2026-08-24,Ballari,Siruguppa,Karnataka,0.0,35.0,24.0,74,38,15,WNW,2,Mainly clear sky with dry weather,IMD New Delhi & Meteorological Centre Bengaluru
2026-08-25,Ballari,Siruguppa,Karnataka,0.0,36.5,25.0,74,38,15,WNW,2,Mainly clear sky with dry weather,IMD New Delhi & Meteorological Centre Bengaluru
2026-08-21,Belagavi,Belagavi,Karnataka,0.0,31.0,20.0,84,52,13,W,3,Mainly clear sky with dry weather,IMD New Delhi & Meteorological Centre Bengaluru
2026-08-22,Belagavi,Belagavi,Karnataka,5.2,32.5,21.0,84,52,13,W,6,Partly cloudy with light rain,IMD New Delhi & Meteorological Centre Bengaluru
2026-08-23,Belagavi,Belagavi,Karnataka,0.0,34.0,19.0,84,52,13,W,3,Mainly clear sky with dry weather,IMD New Delhi & Meteorological Centre Bengaluru
2026-08-24,Belagavi,Belagavi,Karnataka,5.2,31.0,20.0,84,52,13,W,6,Partly cloudy with light rain,IMD New Delhi & Meteorological Centre Bengaluru
2026-08-25,Belagavi,Belagavi,Karnataka,0.0,32.5,21.0,84,52,13,W,3,Mainly clear sky with dry weather,IMD New Delhi & Meteorological Centre Bengaluru
2026-08-21,Belagavi,Athani,Karnataka,0.0,31.0,20.0,84,52,13,W,3,Mainly clear sky with dry weather,IMD New Delhi & Meteorological Centre Bengaluru
2026-08-22,Belagavi,Athani,Karnataka,5.2,32.5,21.0,84,52,13,W,6,Partly cloudy with light rain,IMD New Delhi & Meteorological Centre Bengaluru
2026-08-23,Belagavi,Athani,Karnataka,0.0,34.0,19.0,84,52,13,W,3,Mainly clear sky with dry weather,IMD New Delhi & Meteorological Centre Bengaluru
2026-08-24,Belagavi,Athani,Karnataka,5.2,31.0,20.0,84,52,13,W,6,Partly cloudy with light rain,IMD New Delhi & Meteorological Centre Bengaluru
2026-08-25,Belagavi,Athani,Karnataka,0.0,32.5,21.0,84,52,13,W,3,Mainly clear sky with dry weather,IMD New Delhi & Meteorological Centre Bengaluru
2026-08-21,Belagavi,Bailhongal,Karnataka,0.0,31.0,20.0,84,52,13,W,3,Mainly clear sky with dry weather,IMD New Delhi & Meteorological Centre Bengaluru
2026-08-22,Belagavi,Bailhongal,Karnataka,5.2,32.5,21.0,84,52,13,W,6,Partly cloudy with light rain,IMD New Delhi & Meteorological Centre Bengaluru
2026-08-23,Belagavi,Bailhongal,Karnataka,0.0,34.0,19.0,84,52,13,W,3,Mainly clear sky with dry weather,IMD New Delhi & Meteorological Centre Bengaluru
2026-08-24,Belagavi,Bailhongal,Karnataka,5.2,31.0,20.0,84,52,13,W,6,Partly cloudy with light rain,IMD New Delhi & Meteorological Centre Bengaluru
2026-08-25,Belagavi,Bailhongal,Karnataka,0.0,32.5,21.0,84,52,13,W,3,Mainly clear sky with dry weather,IMD New Delhi & Meteorological Centre Bengaluru
2026-08-21,Belagavi,Chikkodi,Karnataka,0.0,31.0,20.0,84,52,13,W,3,Mainly clear sky with dry weather,IMD New Delhi & Meteorological Centre Bengaluru
2026-08-22,Belagavi,Chikkodi,Karnataka,5.2,32.5,21.0,84,52,13,W,6,Partly cloudy with light rain,IMD New Delhi & Meteorological Centre Bengaluru
2026-08-23,Belagavi,Chikkodi,Karnataka,0.0,34.0,19.0,84,52,13,W,3,Mainly clear sky with dry weather,IMD New Delhi & Meteorological Centre Bengaluru
2026-08-24,Belagavi,Chikkodi,Karnataka,5.2,31.0,20.0,84,52,13,W,6,Partly cloudy with light rain,IMD New Delhi & Meteorological Centre Bengaluru
2026-08-25,Belagavi,Chikkodi,Karnataka,0.0,32.5,21.0,84,52,13,W,3,Mainly clear sky with dry weather,IMD New Delhi & Meteorological Centre Bengaluru
2026-08-21,Belagavi,Gokak,Karnataka,0.0,31.0,20.0,84,52,13,W,3,Mainly clear sky with dry weather,IMD New Delhi & Meteorological Centre Bengaluru
2026-08-22,Belagavi,Gokak,Karnataka,5.2,32.5,21.0,84,52,13,W,6,Partly cloudy with light rain,IMD New Delhi & Meteorological Centre Bengaluru
2026-08-23,Belagavi,Gokak,Karnataka,0.0,34.0,19.0,84,52,13,W,3,Mainly clear sky with dry weather,IMD New Delhi & Meteorological Centre Bengaluru
2026-08-24,Belagavi,Gokak,Karnataka,5.2,31.0,20.0,84,52,13,W,6,Partly cloudy with light rain,IMD New Delhi & Meteorological Centre Bengaluru
2026-08-25,Belagavi,Gokak,Karnataka,0.0,32.5,21.0,84,52,13,W,3,Mainly clear sky with dry weather,IMD New Delhi & Meteorological Centre Bengaluru
2026-08-21,Belagavi,Hukkeri,Karnataka,0.0,31.0,20.0,84,52,13,W,3,Mainly clear sky with dry weather,IMD New Delhi & Meteorological Centre Bengaluru
2026-08-22,Belagavi,Hukkeri,Karnataka,5.2,32.5,21.0,84,52,13,W,6,Partly cloudy with light rain,IMD New Delhi & Meteorological Centre Bengaluru
2026-08-23,Belagavi,Hukkeri,Karnataka,0.0,34.0,19.0,84,52,13,W,3,Mainly clear sky with dry weather,IMD New Delhi & Meteorological Centre Bengaluru
2026-08-24,Belagavi,Hukkeri,Karnataka,5.2,31.0,20.0,84,52,13,W,6,Partly cloudy with light rain,IMD New Delhi & Meteorological Centre Bengaluru
2026-08-25,Belagavi,Hukkeri,Karnataka,0.0,32.5,21.0,84,52,13,W,3,Mainly clear sky with dry weather,IMD New Delhi & Meteorological Centre Bengaluru
2026-08-21,Belagavi,Kagawad,Karnataka,0.0,31.0,20.0,84,52,13,W,3,Mainly clear sky with dry weather,IMD New Delhi & Meteorological Centre Bengaluru
2026-08-22,Belagavi,Kagawad,Karnataka,5.2,32.5,21.0,84,52,13,W,6,Partly cloudy with light rain,IMD New Delhi & Meteorological Centre Bengaluru
2026-08-23,Belagavi,Kagawad,Karnataka,0.0,34.0,19.0,84,52,13,W,3,Mainly clear sky with dry weather,IMD New Delhi & Meteorological Centre Bengaluru
2026-08-24,Belagavi,Kagawad,Karnataka,5.2,31.0,20.0,84,52,13,W,6,Partly cloudy with light rain,IMD New Delhi & Meteorological Centre Bengaluru
2026-08-25,Belagavi,Kagawad,Karnataka,0.0,32.5,21.0,84,52,13,W,3,Mainly clear sky with dry weather,IMD New Delhi & Meteorological Centre Bengaluru
2026-08-21,Belagavi,Khanapur,Karnataka,0.0,31.0,20.0,84,52,13,W,3,Mainly clear sky with dry weather,IMD New Delhi & Meteorological Centre Bengaluru
2026-08-22,Belagavi,Khanapur,Karnataka,5.2,32.5,21.0,84,52,13,W,6,Partly cloudy with light rain,IMD New Delhi & Meteorological Centre Bengaluru
2026-08-23,Belagavi,Khanapur,Karnataka,0.0,34.0,19.0,84,52,13,W,3,Mainly clear sky with dry weather,IMD New Delhi & Meteorological Centre Bengaluru
2026-08-24,Belagavi,Khanapur,Karnataka,5.2,31.0,20.0,84,52,13,W,6,Partly cloudy with light rain,IMD New Delhi & Meteorological Centre Bengaluru
2026-08-25,Belagavi,Khanapur,Karnataka,0.0,32.5,21.0,84,52,13,W,3,Mainly clear sky with dry weather,IMD New Delhi & Meteorological Centre Bengaluru
2026-08-21,Belagavi,Kittur,Karnataka,0.0,31.0,20.0,84,52,13,W,3,Mainly clear sky with dry weather,IMD New Delhi & Meteorological Centre Bengaluru
2026-08-22,Belagavi,Kittur,Karnataka,5.2,32.5,21.0,84,52,13,W,6,Partly cloudy with light rain,IMD New Delhi & Meteorological Centre Bengaluru
2026-08-23,Belagavi,Kittur,Karnataka,0.0,34.0,19.0,84,52,13,W,3,Mainly clear sky with dry weather,IMD New Delhi & Meteorological Centre Bengaluru
2026-08-24,Belagavi,Kittur,Karnataka,5.2,31.0,20.0,84,52,13,W,6,Partly cloudy with light rain,IMD New Delhi & Meteorological Centre Bengaluru
2026-08-25,Belagavi,Kittur,Karnataka,0.0,32.5,21.0,84,52,13,W,3,Mainly clear sky with dry weather,IMD New Delhi & Meteorological Centre Bengaluru
2026-08-21,Belagavi,Mudalgi,Karnataka,0.0,31.0,20.0,84,52,13,W,3,Mainly clear sky with dry weather,IMD New Delhi & Meteorological Centre Bengaluru
2026-08-22,Belagavi,Mudalgi,Karnataka,5.2,32.5,21.0,84,52,13,W,6,Partly cloudy with light rain,IMD New Delhi & Meteorological Centre Bengaluru
2026-08-23,Belagavi,Mudalgi,Karnataka,0.0,34.0,19.0,84,52,13,W,3,Mainly clear sky with dry weather,IMD New Delhi & Meteorological Centre Bengaluru
2026-08-24,Belagavi,Mudalgi,Karnataka,5.2,31.0,20.0,84,52,13,W,6,Partly cloudy with light rain,IMD New Delhi & Meteorological Centre Bengaluru
2026-08-25,Belagavi,Mudalgi,Karnataka,0.0,32.5,21.0,84,52,13,W,3,Mainly clear sky with dry weather,IMD New Delhi & Meteorological Centre Bengaluru
2026-08-21,Belagavi,Nipani,Karnataka,0.0,31.0,20.0,84,52,13,W,3,Mainly clear sky with dry weather,IMD New Delhi & Meteorological Centre Bengaluru
2026-08-22,Belagavi,Nipani,Karnataka,5.2,32.5,21.0,84,52,13,W,6,Partly cloudy with light rain,IMD New Delhi & Meteorological Centre Bengaluru
2026-08-23,Belagavi,Nipani,Karnataka,0.0,34.0,19.0,84,52,13,W,3,Mainly clear sky with dry weather,IMD New Delhi & Meteorological Centre Bengaluru
2026-08-24,Belagavi,Nipani,Karnataka,5.2,31.0,20.0,84,52,13,W,6,Partly cloudy with light rain,IMD New Delhi & Meteorological Centre Bengaluru
2026-08-25,Belagavi,Nipani,Karnataka,0.0,32.5,21.0,84,52,13,W,3,Mainly clear sky with dry weather,IMD New Delhi & Meteorological Centre Bengaluru
2026-08-21,Belagavi,Raibag,Karnataka,0.0,31.0,20.0,84,52,13,W,3,Mainly clear sky with dry weather,IMD New Delhi & Meteorological Centre Bengaluru
2026-08-22,Belagavi,Raibag,Karnataka,5.2,32.5,21.0,84,52,13,W,6,Partly cloudy with light rain,IMD New Delhi & Meteorological Centre Bengaluru
2026-08-23,Belagavi,Raibag,Karnataka,0.0,34.0,19.0,84,52,13,W,3,Mainly clear sky with dry weather,IMD New Delhi & Meteorological Centre Bengaluru
2026-08-24,Belagavi,Raibag,Karnataka,5.2,31.0,20.0,84,52,13,W,6,Partly cloudy with light rain,IMD New Delhi & Meteorological Centre Bengaluru
2026-08-25,Belagavi,Raibag,Karnataka,0.0,32.5,21.0,84,52,13,W,3,Mainly clear sky with dry weather,IMD New Delhi & Meteorological Centre Bengaluru
2026-08-21,Belagavi,Ramdurg,Karnataka,0.0,31.0,20.0,84,52,13,W,3,Mainly clear sky with dry weather,IMD New Delhi & Meteorological Centre Bengaluru
2026-08-22,Belagavi,Ramdurg,Karnataka,5.2,32.5,21.0,84,52,13,W,6,Partly cloudy with light rain,IMD New Delhi & Meteorological Centre Bengaluru
2026-08-23,Belagavi,Ramdurg,Karnataka,0.0,34.0,19.0,84,52,13,W,3,Mainly clear sky with dry weather,IMD New Delhi & Meteorological Centre Bengaluru
2026-08-24,Belagavi,Ramdurg,Karnataka,5.2,31.0,20.0,84,52,13,W,6,Partly cloudy with light rain,IMD New Delhi & Meteorological Centre Bengaluru
2026-08-25,Belagavi,Ramdurg,Karnataka,0.0,32.5,21.0,84,52,13,W,3,Mainly clear sky with dry weather,IMD New Delhi & Meteorological Centre Bengaluru
2026-08-21,Belagavi,Saundatti,Karnataka,0.0,31.0,20.0,84,52,13,W,3,Mainly clear sky with dry weather,IMD New Delhi & Meteorological Centre Bengaluru
2026-08-22,Belagavi,Saundatti,Karnataka,5.2,32.5,21.0,84,52,13,W,6,Partly cloudy with light rain,IMD New Delhi & Meteorological Centre Bengaluru
2026-08-23,Belagavi,Saundatti,Karnataka,0.0,34.0,19.0,84,52,13,W,3,Mainly clear sky with dry weather,IMD New Delhi & Meteorological Centre Bengaluru
2026-08-24,Belagavi,Saundatti,Karnataka,5.2,31.0,20.0,84,52,13,W,6,Partly cloudy with light rain,IMD New Delhi & Meteorological Centre Bengaluru
2026-08-25,Belagavi,Saundatti,Karnataka,0.0,32.5,21.0,84,52,13,W,3,Mainly clear sky with dry weather,IMD New Delhi & Meteorological Centre Bengaluru
2026-08-21,Bengaluru Rural,Devanahalli,Karnataka,0.0,29.0,20.0,84,51,11,W,3,Mainly clear sky with dry weather,IMD New Delhi & Meteorological Centre Bengaluru
2026-08-22,Bengaluru Rural,Devanahalli,Karnataka,4.8,30.5,21.0,84,51,11,W,5,Partly cloudy with light rain,IMD New Delhi & Meteorological Centre Bengaluru
2026-08-23,Bengaluru Rural,Devanahalli,Karnataka,0.0,32.0,19.0,84,51,11,W,3,Mainly clear sky with dry weather,IMD New Delhi & Meteorological Centre Bengaluru
2026-08-24,Bengaluru Rural,Devanahalli,Karnataka,4.8,29.0,20.0,84,51,11,W,5,Partly cloudy with light rain,IMD New Delhi & Meteorological Centre Bengaluru
2026-08-25,Bengaluru Rural,Devanahalli,Karnataka,0.0,30.5,21.0,84,51,11,W,3,Mainly clear sky with dry weather,IMD New Delhi & Meteorological Centre Bengaluru
2026-08-21,Bengaluru Rural,Doddaballapura,Karnataka,0.0,29.0,20.0,84,51,11,W,3,Mainly clear sky with dry weather,IMD New Delhi & Meteorological Centre Bengaluru
2026-08-22,Bengaluru Rural,Doddaballapura,Karnataka,4.8,30.5,21.0,84,51,11,W,5,Partly cloudy with light rain,IMD New Delhi & Meteorological Centre Bengaluru
2026-08-23,Bengaluru Rural,Doddaballapura,Karnataka,0.0,32.0,19.0,84,51,11,W,3,Mainly clear sky with dry weather,IMD New Delhi & Meteorological Centre Bengaluru
2026-08-24,Bengaluru Rural,Doddaballapura,Karnataka,4.8,29.0,20.0,84,51,11,W,5,Partly cloudy with light rain,IMD New Delhi & Meteorological Centre Bengaluru
2026-08-25,Bengaluru Rural,Doddaballapura,Karnataka,0.0,30.5,21.0,84,51,11,W,3,Mainly clear sky with dry weather,IMD New Delhi & Meteorological Centre Bengaluru
2026-08-21,Bengaluru Rural,Hosakote,Karnataka,0.0,29.0,20.0,84,51,11,W,3,Mainly clear sky with dry weather,IMD New Delhi & Meteorological Centre Bengaluru
2026-08-22,Bengaluru Rural,Hosakote,Karnataka,4.8,30.5,21.0,84,51,11,W,5,Partly cloudy with light rain,IMD New Delhi & Meteorological Centre Bengaluru
2026-08-23,Bengaluru Rural,Hosakote,Karnataka,0.0,32.0,19.0,84,51,11,W,3,Mainly clear sky with dry weather,IMD New Delhi & Meteorological Centre Bengaluru
2026-08-24,Bengaluru Rural,Hosakote,Karnataka,4.8,29.0,20.0,84,51,11,W,5,Partly cloudy with light rain,IMD New Delhi & Meteorological Centre Bengaluru
2026-08-25,Bengaluru Rural,Hosakote,Karnataka,0.0,30.5,21.0,84,51,11,W,3,Mainly clear sky with dry weather,IMD New Delhi & Meteorological Centre Bengaluru
2026-08-21,Bengaluru Rural,Nelamangala,Karnataka,0.0,29.0,20.0,84,51,11,W,3,Mainly clear sky with dry weather,IMD New Delhi & Meteorological Centre Bengaluru
2026-08-22,Bengaluru Rural,Nelamangala,Karnataka,4.8,30.5,21.0,84,51,11,W,5,Partly cloudy with light rain,IMD New Delhi & Meteorological Centre Bengaluru
2026-08-23,Bengaluru Rural,Nelamangala,Karnataka,0.0,32.0,19.0,84,51,11,W,3,Mainly clear sky with dry weather,IMD New Delhi & Meteorological Centre Bengaluru
2026-08-24,Bengaluru Rural,Nelamangala,Karnataka,4.8,29.0,20.0,84,51,11,W,5,Partly cloudy with light rain,IMD New Delhi & Meteorological Centre Bengaluru
2026-08-25,Bengaluru Rural,Nelamangala,Karnataka,0.0,30.5,21.0,84,51,11,W,3,Mainly clear sky with dry weather,IMD New Delhi & Meteorological Centre Bengaluru
2026-08-21,Bengaluru Urban,Bengaluru North,Karnataka,0.0,29.0,20.0,84,51,11,W,3,Mainly clear sky with dry weather,IMD New Delhi & Meteorological Centre Bengaluru
2026-08-22,Bengaluru Urban,Bengaluru North,Karnataka,4.8,30.5,21.0,84,51,11,W,5,Partly cloudy with light rain,IMD New Delhi & Meteorological Centre Bengaluru
2026-08-23,Bengaluru Urban,Bengaluru North,Karnataka,0.0,32.0,19.0,84,51,11,W,3,Mainly clear sky with dry weather,IMD New Delhi & Meteorological Centre Bengaluru
2026-08-24,Bengaluru Urban,Bengaluru North,Karnataka,4.8,29.0,20.0,84,51,11,W,5,Partly cloudy with light rain,IMD New Delhi & Meteorological Centre Bengaluru
2026-08-25,Bengaluru Urban,Bengaluru North,Karnataka,0.0,30.5,21.0,84,51,11,W,3,Mainly clear sky with dry weather,IMD New Delhi & Meteorological Centre Bengaluru
2026-08-21,Bengaluru Urban,Bengaluru South,Karnataka,0.0,29.0,20.0,84,51,11,W,3,Mainly clear sky with dry weather,IMD New Delhi & Meteorological Centre Bengaluru
2026-08-22,Bengaluru Urban,Bengaluru South,Karnataka,4.8,30.5,21.0,84,51,11,W,5,Partly cloudy with light rain,IMD New Delhi & Meteorological Centre Bengaluru
2026-08-23,Bengaluru Urban,Bengaluru South,Karnataka,0.0,32.0,19.0,84,51,11,W,3,Mainly clear sky with dry weather,IMD New Delhi & Meteorological Centre Bengaluru
2026-08-24,Bengaluru Urban,Bengaluru South,Karnataka,4.8,29.0,20.0,84,51,11,W,5,Partly cloudy with light rain,IMD New Delhi & Meteorological Centre Bengaluru
2026-08-25,Bengaluru Urban,Bengaluru South,Karnataka,0.0,30.5,21.0,84,51,11,W,3,Mainly clear sky with dry weather,IMD New Delhi & Meteorological Centre Bengaluru
2026-08-21,Bengaluru Urban,Bengaluru East,Karnataka,0.0,29.0,20.0,84,51,11,W,3,Mainly clear sky with dry weather,IMD New Delhi & Meteorological Centre Bengaluru
2026-08-22,Bengaluru Urban,Bengaluru East,Karnataka,4.8,30.5,21.0,84,51,11,W,5,Partly cloudy with light rain,IMD New Delhi & Meteorological Centre Bengaluru
2026-08-23,Bengaluru Urban,Bengaluru East,Karnataka,0.0,32.0,19.0,84,51,11,W,3,Mainly clear sky with dry weather,IMD New Delhi & Meteorological Centre Bengaluru
2026-08-24,Bengaluru Urban,Bengaluru East,Karnataka,4.8,29.0,20.0,84,51,11,W,5,Partly cloudy with light rain,IMD New Delhi & Meteorological Centre Bengaluru
2026-08-25,Bengaluru Urban,Bengaluru East,Karnataka,0.0,30.5,21.0,84,51,11,W,3,Mainly clear sky with dry weather,IMD New Delhi & Meteorological Centre Bengaluru
2026-08-21,Bengaluru Urban,Anekal,Karnataka,0.0,29.0,20.0,84,51,11,W,3,Mainly clear sky with dry weather,IMD New Delhi & Meteorological Centre Bengaluru
2026-08-22,Bengaluru Urban,Anekal,Karnataka,4.8,30.5,21.0,84,51,11,W,5,Partly cloudy with light rain,IMD New Delhi & Meteorological Centre Bengaluru
2026-08-23,Bengaluru Urban,Anekal,Karnataka,0.0,32.0,19.0,84,51,11,W,3,Mainly clear sky with dry weather,IMD New Delhi & Meteorological Centre Bengaluru
2026-08-24,Bengaluru Urban,Anekal,Karnataka,4.8,29.0,20.0,84,51,11,W,5,Partly cloudy with light rain,IMD New Delhi & Meteorological Centre Bengaluru
2026-08-25,Bengaluru Urban,Anekal,Karnataka,0.0,30.5,21.0,84,51,11,W,3,Mainly clear sky with dry weather,IMD New Delhi & Meteorological Centre Bengaluru
2026-08-21,Bengaluru Urban,Yelahanka,Karnataka,0.0,29.0,20.0,84,51,11,W,3,Mainly clear sky with dry weather,IMD New Delhi & Meteorological Centre Bengaluru
2026-08-22,Bengaluru Urban,Yelahanka,Karnataka,4.8,30.5,21.0,84,51,11,W,5,Partly cloudy with light rain,IMD New Delhi & Meteorological Centre Bengaluru
2026-08-23,Bengaluru Urban,Yelahanka,Karnataka,0.0,32.0,19.0,84,51,11,W,3,Mainly clear sky with dry weather,IMD New Delhi & Meteorological Centre Bengaluru
2026-08-24,Bengaluru Urban,Yelahanka,Karnataka,4.8,29.0,20.0,84,51,11,W,5,Partly cloudy with light rain,IMD New Delhi & Meteorological Centre Bengaluru
2026-08-25,Bengaluru Urban,Yelahanka,Karnataka,0.0,30.5,21.0,84,51,11,W,3,Mainly clear sky with dry weather,IMD New Delhi & Meteorological Centre Bengaluru
2026-08-21,Bidar,Bidar,Karnataka,0.0,35.0,23.0,76,41,13,NW,3,Mainly clear sky with dry weather,IMD New Delhi & Meteorological Centre Bengaluru
2026-08-22,Bidar,Bidar,Karnataka,0.0,36.5,24.0,76,41,13,NW,3,Mainly clear sky with dry weather,IMD New Delhi & Meteorological Centre Bengaluru
2026-08-23,Bidar,Bidar,Karnataka,0.0,38.0,22.0,76,41,13,NW,3,Mainly clear sky with dry weather,IMD New Delhi & Meteorological Centre Bengaluru
2026-08-24,Bidar,Bidar,Karnataka,0.0,35.0,23.0,76,41,13,NW,3,Mainly clear sky with dry weather,IMD New Delhi & Meteorological Centre Bengaluru
2026-08-25,Bidar,Bidar,Karnataka,0.0,36.5,24.0,76,41,13,NW,3,Mainly clear sky with dry weather,IMD New Delhi & Meteorological Centre Bengaluru
2026-08-21,Bidar,Aurad,Karnataka,0.0,35.0,23.0,76,41,13,NW,3,Mainly clear sky with dry weather,IMD New Delhi & Meteorological Centre Bengaluru
2026-08-22,Bidar,Aurad,Karnataka,0.0,36.5,24.0,76,41,13,NW,3,Mainly clear sky with dry weather,IMD New Delhi & Meteorological Centre Bengaluru
2026-08-23,Bidar,Aurad,Karnataka,0.0,38.0,22.0,76,41,13,NW,3,Mainly clear sky with dry weather,IMD New Delhi & Meteorological Centre Bengaluru
2026-08-24,Bidar,Aurad,Karnataka,0.0,35.0,23.0,76,41,13,NW,3,Mainly clear sky with dry weather,IMD New Delhi & Meteorological Centre Bengaluru
2026-08-25,Bidar,Aurad,Karnataka,0.0,36.5,24.0,76,41,13,NW,3,Mainly clear sky with dry weather,IMD New Delhi & Meteorological Centre Bengaluru
2026-08-21,Bidar,Bhalki,Karnataka,0.0,35.0,23.0,76,41,13,NW,3,Mainly clear sky with dry weather,IMD New Delhi & Meteorological Centre Bengaluru
2026-08-22,Bidar,Bhalki,Karnataka,0.0,36.5,24.0,76,41,13,NW,3,Mainly clear sky with dry weather,IMD New Delhi & Meteorological Centre Bengaluru
2026-08-23,Bidar,Bhalki,Karnataka,0.0,38.0,22.0,76,41,13,NW,3,Mainly clear sky with dry weather,IMD New Delhi & Meteorological Centre Bengaluru
2026-08-24,Bidar,Bhalki,Karnataka,0.0,35.0,23.0,76,41,13,NW,3,Mainly clear sky with dry weather,IMD New Delhi & Meteorological Centre Bengaluru
2026-08-25,Bidar,Bhalki,Karnataka,0.0,36.5,24.0,76,41,13,NW,3,Mainly clear sky with dry weather,IMD New Delhi & Meteorological Centre Bengaluru
2026-08-21,Bidar,Basavakalyan,Karnataka,0.0,35.0,23.0,76,41,13,NW,3,Mainly clear sky with dry weather,IMD New Delhi & Meteorological Centre Bengaluru
2026-08-22,Bidar,Basavakalyan,Karnataka,0.0,36.5,24.0,76,41,13,NW,3,Mainly clear sky with dry weather,IMD New Delhi & Meteorological Centre Bengaluru
2026-08-23,Bidar,Basavakalyan,Karnataka,0.0,38.0,22.0,76,41,13,NW,3,Mainly clear sky with dry weather,IMD New Delhi & Meteorological Centre Bengaluru
2026-08-24,Bidar,Basavakalyan,Karnataka,0.0,35.0,23.0,76,41,13,NW,3,Mainly clear sky with dry weather,IMD New Delhi & Meteorological Centre Bengaluru
2026-08-25,Bidar,Basavakalyan,Karnataka,0.0,36.5,24.0,76,41,13,NW,3,Mainly clear sky with dry weather,IMD New Delhi & Meteorological Centre Bengaluru
2026-08-21,Bidar,Chitguppa,Karnataka,0.0,35.0,23.0,76,41,13,NW,3,Mainly clear sky with dry weather,IMD New Delhi & Meteorological Centre Bengaluru
2026-08-22,Bidar,Chitguppa,Karnataka,0.0,36.5,24.0,76,41,13,NW,3,Mainly clear sky with dry weather,IMD New Delhi & Meteorological Centre Bengaluru
2026-08-23,Bidar,Chitguppa,Karnataka,0.0,38.0,22.0,76,41,13,NW,3,Mainly clear sky with dry weather,IMD New Delhi & Meteorological Centre Bengaluru
2026-08-24,Bidar,Chitguppa,Karnataka,0.0,35.0,23.0,76,41,13,NW,3,Mainly clear sky with dry weather,IMD New Delhi & Meteorological Centre Bengaluru
2026-08-25,Bidar,Chitguppa,Karnataka,0.0,36.5,24.0,76,41,13,NW,3,Mainly clear sky with dry weather,IMD New Delhi & Meteorological Centre Bengaluru
2026-08-21,Bidar,Humnabad,Karnataka,0.0,35.0,23.0,76,41,13,NW,3,Mainly clear sky with dry weather,IMD New Delhi & Meteorological Centre Bengaluru
2026-08-22,Bidar,Humnabad,Karnataka,0.0,36.5,24.0,76,41,13,NW,3,Mainly clear sky with dry weather,IMD New Delhi & Meteorological Centre Bengaluru
2026-08-23,Bidar,Humnabad,Karnataka,0.0,38.0,22.0,76,41,13,NW,3,Mainly clear sky with dry weather,IMD New Delhi & Meteorological Centre Bengaluru
2026-08-24,Bidar,Humnabad,Karnataka,0.0,35.0,23.0,76,41,13,NW,3,Mainly clear sky with dry weather,IMD New Delhi & Meteorological Centre Bengaluru
2026-08-25,Bidar,Humnabad,Karnataka,0.0,36.5,24.0,76,41,13,NW,3,Mainly clear sky with dry weather,IMD New Delhi & Meteorological Centre Bengaluru
2026-08-21,Bidar,Hulsoor,Karnataka,0.0,35.0,23.0,76,41,13,NW,3,Mainly clear sky with dry weather,IMD New Delhi & Meteorological Centre Bengaluru
2026-08-22,Bidar,Hulsoor,Karnataka,0.0,36.5,24.0,76,41,13,NW,3,Mainly clear sky with dry weather,IMD New Delhi & Meteorological Centre Bengaluru
2026-08-23,Bidar,Hulsoor,Karnataka,0.0,38.0,22.0,76,41,13,NW,3,Mainly clear sky with dry weather,IMD New Delhi & Meteorological Centre Bengaluru
2026-08-24,Bidar,Hulsoor,Karnataka,0.0,35.0,23.0,76,41,13,NW,3,Mainly clear sky with dry weather,IMD New Delhi & Meteorological Centre Bengaluru
2026-08-25,Bidar,Hulsoor,Karnataka,0.0,36.5,24.0,76,41,13,NW,3,Mainly clear sky with dry weather,IMD New Delhi & Meteorological Centre Bengaluru
2026-08-21,Bidar,Kamalnagar,Karnataka,0.0,35.0,23.0,76,41,13,NW,3,Mainly clear sky with dry weather,IMD New Delhi & Meteorological Centre Bengaluru
2026-08-22,Bidar,Kamalnagar,Karnataka,0.0,36.5,24.0,76,41,13,NW,3,Mainly clear sky with dry weather,IMD New Delhi & Meteorological Centre Bengaluru
2026-08-23,Bidar,Kamalnagar,Karnataka,0.0,38.0,22.0,76,41,13,NW,3,Mainly clear sky with dry weather,IMD New Delhi & Meteorological Centre Bengaluru
2026-08-24,Bidar,Kamalnagar,Karnataka,0.0,35.0,23.0,76,41,13,NW,3,Mainly clear sky with dry weather,IMD New Delhi & Meteorological Centre Bengaluru
2026-08-25,Bidar,Kamalnagar,Karnataka,0.0,36.5,24.0,76,41,13,NW,3,Mainly clear sky with dry weather,IMD New Delhi & Meteorological Centre Bengaluru
2026-08-21,Chamarajanagar,Chamarajanagar,Karnataka,0.0,31.0,21.0,82,50,12,WSW,3,Mainly clear sky with dry weather,IMD New Delhi & Meteorological Centre Bengaluru
2026-08-22,Chamarajanagar,Chamarajanagar,Karnataka,0.0,32.5,22.0,82,50,12,WSW,3,Mainly clear sky with dry weather,IMD New Delhi & Meteorological Centre Bengaluru
2026-08-23,Chamarajanagar,Chamarajanagar,Karnataka,0.0,34.0,20.0,82,50,12,WSW,3,Mainly clear sky with dry weather,IMD New Delhi & Meteorological Centre Bengaluru
2026-08-24,Chamarajanagar,Chamarajanagar,Karnataka,0.0,31.0,21.0,82,50,12,WSW,3,Mainly clear sky with dry weather,IMD New Delhi & Meteorological Centre Bengaluru
2026-08-25,Chamarajanagar,Chamarajanagar,Karnataka,0.0,32.5,22.0,82,50,12,WSW,3,Mainly clear sky with dry weather,IMD New Delhi & Meteorological Centre Bengaluru
2026-08-21,Chamarajanagar,Gundlupete,Karnataka,0.0,31.0,21.0,82,50,12,WSW,3,Mainly clear sky with dry weather,IMD New Delhi & Meteorological Centre Bengaluru
2026-08-22,Chamarajanagar,Gundlupete,Karnataka,0.0,32.5,22.0,82,50,12,WSW,3,Mainly clear sky with dry weather,IMD New Delhi & Meteorological Centre Bengaluru
2026-08-23,Chamarajanagar,Gundlupete,Karnataka,0.0,34.0,20.0,82,50,12,WSW,3,Mainly clear sky with dry weather,IMD New Delhi & Meteorological Centre Bengaluru
2026-08-24,Chamarajanagar,Gundlupete,Karnataka,0.0,31.0,21.0,82,50,12,WSW,3,Mainly clear sky with dry weather,IMD New Delhi & Meteorological Centre Bengaluru
2026-08-25,Chamarajanagar,Gundlupete,Karnataka,0.0,32.5,22.0,82,50,12,WSW,3,Mainly clear sky with dry weather,IMD New Delhi & Meteorological Centre Bengaluru
2026-08-21,Chamarajanagar,Kollegala,Karnataka,0.0,31.0,21.0,82,50,12,WSW,3,Mainly clear sky with dry weather,IMD New Delhi & Meteorological Centre Bengaluru
2026-08-22,Chamarajanagar,Kollegala,Karnataka,0.0,32.5,22.0,82,50,12,WSW,3,Mainly clear sky with dry weather,IMD New Delhi & Meteorological Centre Bengaluru
2026-08-23,Chamarajanagar,Kollegala,Karnataka,0.0,34.0,20.0,82,50,12,WSW,3,Mainly clear sky with dry weather,IMD New Delhi & Meteorological Centre Bengaluru
2026-08-24,Chamarajanagar,Kollegala,Karnataka,0.0,31.0,21.0,82,50,12,WSW,3,Mainly clear sky with dry weather,IMD New Delhi & Meteorological Centre Bengaluru
2026-08-25,Chamarajanagar,Kollegala,Karnataka,0.0,32.5,22.0,82,50,12,WSW,3,Mainly clear sky with dry weather,IMD New Delhi & Meteorological Centre Bengaluru
2026-08-21,Chamarajanagar,Hanur,Karnataka,0.0,31.0,21.0,82,50,12,WSW,3,Mainly clear sky with dry weather,IMD New Delhi & Meteorological Centre Bengaluru
2026-08-22,Chamarajanagar,Hanur,Karnataka,0.0,32.5,22.0,82,50,12,WSW,3,Mainly clear sky with dry weather,IMD New Delhi & Meteorological Centre Bengaluru
2026-08-23,Chamarajanagar,Hanur,Karnataka,0.0,34.0,20.0,82,50,12,WSW,3,Mainly clear sky with dry weather,IMD New Delhi & Meteorological Centre Bengaluru
2026-08-24,Chamarajanagar,Hanur,Karnataka,0.0,31.0,21.0,82,50,12,WSW,3,Mainly clear sky with dry weather,IMD New Delhi & Meteorological Centre Bengaluru
2026-08-25,Chamarajanagar,Hanur,Karnataka,0.0,32.5,22.0,82,50,12,WSW,3,Mainly clear sky with dry weather,IMD New Delhi & Meteorological Centre Bengaluru
2026-08-21,Chamarajanagar,Yelandur,Karnataka,0.0,31.0,21.0,82,50,12,WSW,3,Mainly clear sky with dry weather,IMD New Delhi & Meteorological Centre Bengaluru
2026-08-22,Chamarajanagar,Yelandur,Karnataka,0.0,32.5,22.0,82,50,12,WSW,3,Mainly clear sky with dry weather,IMD New Delhi & Meteorological Centre Bengaluru
2026-08-23,Chamarajanagar,Yelandur,Karnataka,0.0,34.0,20.0,82,50,12,WSW,3,Mainly clear sky with dry weather,IMD New Delhi & Meteorological Centre Bengaluru
2026-08-24,Chamarajanagar,Yelandur,Karnataka,0.0,31.0,21.0,82,50,12,WSW,3,Mainly clear sky with dry weather,IMD New Delhi & Meteorological Centre Bengaluru
2026-08-25,Chamarajanagar,Yelandur,Karnataka,0.0,32.5,22.0,82,50,12,WSW,3,Mainly clear sky with dry weather,IMD New Delhi & Meteorological Centre Bengaluru
2026-08-21,Chikkaballapura,Chikkaballapura,Karnataka,0.0,30.0,20.0,81,48,12,WNW,3,Mainly clear sky with dry weather,IMD New Delhi & Meteorological Centre Bengaluru
2026-08-22,Chikkaballapura,Chikkaballapura,Karnataka,0.0,31.5,21.0,81,48,12,WNW,3,Mainly clear sky with dry weather,IMD New Delhi & Meteorological Centre Bengaluru
2026-08-23,Chikkaballapura,Chikkaballapura,Karnataka,0.0,33.0,19.0,81,48,12,WNW,3,Mainly clear sky with dry weather,IMD New Delhi & Meteorological Centre Bengaluru
2026-08-24,Chikkaballapura,Chikkaballapura,Karnataka,0.0,30.0,20.0,81,48,12,WNW,3,Mainly clear sky with dry weather,IMD New Delhi & Meteorological Centre Bengaluru
2026-08-25,Chikkaballapura,Chikkaballapura,Karnataka,0.0,31.5,21.0,81,48,12,WNW,3,Mainly clear sky with dry weather,IMD New Delhi & Meteorological Centre Bengaluru
2026-08-21,Chikkaballapura,Bagepalli,Karnataka,0.0,30.0,20.0,81,48,12,WNW,3,Mainly clear sky with dry weather,IMD New Delhi & Meteorological Centre Bengaluru
2026-08-22,Chikkaballapura,Bagepalli,Karnataka,0.0,31.5,21.0,81,48,12,WNW,3,Mainly clear sky with dry weather,IMD New Delhi & Meteorological Centre Bengaluru
2026-08-23,Chikkaballapura,Bagepalli,Karnataka,0.0,33.0,19.0,81,48,12,WNW,3,Mainly clear sky with dry weather,IMD New Delhi & Meteorological Centre Bengaluru
2026-08-24,Chikkaballapura,Bagepalli,Karnataka,0.0,30.0,20.0,81,48,12,WNW,3,Mainly clear sky with dry weather,IMD New Delhi & Meteorological Centre Bengaluru
2026-08-25,Chikkaballapura,Bagepalli,Karnataka,0.0,31.5,21.0,81,48,12,WNW,3,Mainly clear sky with dry weather,IMD New Delhi & Meteorological Centre Bengaluru
2026-08-21,Chikkaballapura,Chintamani,Karnataka,0.0,30.0,20.0,81,48,12,WNW,3,Mainly clear sky with dry weather,IMD New Delhi & Meteorological Centre Bengaluru
2026-08-22,Chikkaballapura,Chintamani,Karnataka,0.0,31.5,21.0,81,48,12,WNW,3,Mainly clear sky with dry weather,IMD New Delhi & Meteorological Centre Bengaluru
2026-08-23,Chikkaballapura,Chintamani,Karnataka,0.0,33.0,19.0,81,48,12,WNW,3,Mainly clear sky with dry weather,IMD New Delhi & Meteorological Centre Bengaluru
2026-08-24,Chikkaballapura,Chintamani,Karnataka,0.0,30.0,20.0,81,48,12,WNW,3,Mainly clear sky with dry weather,IMD New Delhi & Meteorological Centre Bengaluru
2026-08-25,Chikkaballapura,Chintamani,Karnataka,0.0,31.5,21.0,81,48,12,WNW,3,Mainly clear sky with dry weather,IMD New Delhi & Meteorological Centre Bengaluru
2026-08-21,Chikkaballapura,Gauribidanur,Karnataka,0.0,30.0,20.0,81,48,12,WNW,3,Mainly clear sky with dry weather,IMD New Delhi & Meteorological Centre Bengaluru
2026-08-22,Chikkaballapura,Gauribidanur,Karnataka,0.0,31.5,21.0,81,48,12,WNW,3,Mainly clear sky with dry weather,IMD New Delhi & Meteorological Centre Bengaluru
2026-08-23,Chikkaballapura,Gauribidanur,Karnataka,0.0,33.0,19.0,81,48,12,WNW,3,Mainly clear sky with dry weather,IMD New Delhi & Meteorological Centre Bengaluru
2026-08-24,Chikkaballapura,Gauribidanur,Karnataka,0.0,30.0,20.0,81,48,12,WNW,3,Mainly clear sky with dry weather,IMD New Delhi & Meteorological Centre Bengaluru
2026-08-25,Chikkaballapura,Gauribidanur,Karnataka,0.0,31.5,21.0,81,48,12,WNW,3,Mainly clear sky with dry weather,IMD New Delhi & Meteorological Centre Bengaluru
2026-08-21,Chikkaballapura,Gudibanda,Karnataka,0.0,30.0,20.0,81,48,12,WNW,3,Mainly clear sky with dry weather,IMD New Delhi & Meteorological Centre Bengaluru
2026-08-22,Chikkaballapura,Gudibanda,Karnataka,0.0,31.5,21.0,81,48,12,WNW,3,Mainly clear sky with dry weather,IMD New Delhi & Meteorological Centre Bengaluru
2026-08-23,Chikkaballapura,Gudibanda,Karnataka,0.0,33.0,19.0,81,48,12,WNW,3,Mainly clear sky with dry weather,IMD New Delhi & Meteorological Centre Bengaluru
2026-08-24,Chikkaballapura,Gudibanda,Karnataka,0.0,30.0,20.0,81,48,12,WNW,3,Mainly clear sky with dry weather,IMD New Delhi & Meteorological Centre Bengaluru
2026-08-25,Chikkaballapura,Gudibanda,Karnataka,0.0,31.5,21.0,81,48,12,WNW,3,Mainly clear sky with dry weather,IMD New Delhi & Meteorological Centre Bengaluru
2026-08-21,Chikkaballapura,Sidlaghatta,Karnataka,0.0,30.0,20.0,81,48,12,WNW,3,Mainly clear sky with dry weather,IMD New Delhi & Meteorological Centre Bengaluru
2026-08-22,Chikkaballapura,Sidlaghatta,Karnataka,0.0,31.5,21.0,81,48,12,WNW,3,Mainly clear sky with dry weather,IMD New Delhi & Meteorological Centre Bengaluru
2026-08-23,Chikkaballapura,Sidlaghatta,Karnataka,0.0,33.0,19.0,81,48,12,WNW,3,Mainly clear sky with dry weather,IMD New Delhi & Meteorological Centre Bengaluru
2026-08-24,Chikkaballapura,Sidlaghatta,Karnataka,0.0,30.0,20.0,81,48,12,WNW,3,Mainly clear sky with dry weather,IMD New Delhi & Meteorological Centre Bengaluru
2026-08-25,Chikkaballapura,Sidlaghatta,Karnataka,0.0,31.5,21.0,81,48,12,WNW,3,Mainly clear sky with dry weather,IMD New Delhi & Meteorological Centre Bengaluru
2026-08-21,Chikkamagaluru,Chikkamagaluru,Karnataka,0.0,27.0,19.0,90,67,9,SW,4,Mainly clear sky with dry weather,IMD New Delhi & Meteorological Centre Bengaluru
2026-08-22,Chikkamagaluru,Chikkamagaluru,Karnataka,12.0,28.5,20.0,90,67,9,SW,7,Cloudy with moderate showers,IMD New Delhi & Meteorological Centre Bengaluru
2026-08-23,Chikkamagaluru,Chikkamagaluru,Karnataka,0.0,30.0,18.0,90,67,9,SW,4,Mainly clear sky with dry weather,IMD New Delhi & Meteorological Centre Bengaluru
2026-08-24,Chikkamagaluru,Chikkamagaluru,Karnataka,12.0,27.0,19.0,90,67,9,SW,7,Cloudy with moderate showers,IMD New Delhi & Meteorological Centre Bengaluru
2026-08-25,Chikkamagaluru,Chikkamagaluru,Karnataka,0.0,28.5,20.0,90,67,9,SW,4,Mainly clear sky with dry weather,IMD New Delhi & Meteorological Centre Bengaluru
2026-08-21,Chikkamagaluru,Kadur,Karnataka,0.0,27.0,19.0,90,67,9,SW,4,Mainly clear sky with dry weather,IMD New Delhi & Meteorological Centre Bengaluru
2026-08-22,Chikkamagaluru,Kadur,Karnataka,12.0,28.5,20.0,90,67,9,SW,7,Cloudy with moderate showers,IMD New Delhi & Meteorological Centre Bengaluru
2026-08-23,Chikkamagaluru,Kadur,Karnataka,0.0,30.0,18.0,90,67,9,SW,4,Mainly clear sky with dry weather,IMD New Delhi & Meteorological Centre Bengaluru
2026-08-24,Chikkamagaluru,Kadur,Karnataka,12.0,27.0,19.0,90,67,9,SW,7,Cloudy with moderate showers,IMD New Delhi & Meteorological Centre Bengaluru
2026-08-25,Chikkamagaluru,Kadur,Karnataka,0.0,28.5,20.0,90,67,9,SW,4,Mainly clear sky with dry weather,IMD New Delhi & Meteorological Centre Bengaluru
2026-08-21,Chikkamagaluru,Koppa,Karnataka,0.0,27.0,19.0,90,67,9,SW,4,Mainly clear sky with dry weather,IMD New Delhi & Meteorological Centre Bengaluru
2026-08-22,Chikkamagaluru,Koppa,Karnataka,12.0,28.5,20.0,90,67,9,SW,7,Cloudy with moderate showers,IMD New Delhi & Meteorological Centre Bengaluru
2026-08-23,Chikkamagaluru,Koppa,Karnataka,0.0,30.0,18.0,90,67,9,SW,4,Mainly clear sky with dry weather,IMD New Delhi & Meteorological Centre Bengaluru
2026-08-24,Chikkamagaluru,Koppa,Karnataka,12.0,27.0,19.0,90,67,9,SW,7,Cloudy with moderate showers,IMD New Delhi & Meteorological Centre Bengaluru
2026-08-25,Chikkamagaluru,Koppa,Karnataka,0.0,28.5,20.0,90,67,9,SW,4,Mainly clear sky with dry weather,IMD New Delhi & Meteorological Centre Bengaluru
2026-08-21,Chikkamagaluru,Mudigere,Karnataka,0.0,27.0,19.0,90,67,9,SW,4,Mainly clear sky with dry weather,IMD New Delhi & Meteorological Centre Bengaluru
2026-08-22,Chikkamagaluru,Mudigere,Karnataka,12.0,28.5,20.0,90,67,9,SW,7,Cloudy with moderate showers,IMD New Delhi & Meteorological Centre Bengaluru
2026-08-23,Chikkamagaluru,Mudigere,Karnataka,0.0,30.0,18.0,90,67,9,SW,4,Mainly clear sky with dry weather,IMD New Delhi & Meteorological Centre Bengaluru
2026-08-24,Chikkamagaluru,Mudigere,Karnataka,12.0,27.0,19.0,90,67,9,SW,7,Cloudy with moderate showers,IMD New Delhi & Meteorological Centre Bengaluru
2026-08-25,Chikkamagaluru,Mudigere,Karnataka,0.0,28.5,20.0,90,67,9,SW,4,Mainly clear sky with dry weather,IMD New Delhi & Meteorological Centre Bengaluru
2026-08-21,Chikkamagaluru,Narasimharajapura,Karnataka,0.0,27.0,19.0,90,67,9,SW,4,Mainly clear sky with dry weather,IMD New Delhi & Meteorological Centre Bengaluru
2026-08-22,Chikkamagaluru,Narasimharajapura,Karnataka,12.0,28.5,20.0,90,67,9,SW,7,Cloudy with moderate showers,IMD New Delhi & Meteorological Centre Bengaluru
2026-08-23,Chikkamagaluru,Narasimharajapura,Karnataka,0.0,30.0,18.0,90,67,9,SW,4,Mainly clear sky with dry weather,IMD New Delhi & Meteorological Centre Bengaluru
2026-08-24,Chikkamagaluru,Narasimharajapura,Karnataka,12.0,27.0,19.0,90,67,9,SW,7,Cloudy with moderate showers,IMD New Delhi & Meteorological Centre Bengaluru
2026-08-25,Chikkamagaluru,Narasimharajapura,Karnataka,0.0,28.5,20.0,90,67,9,SW,4,Mainly clear sky with dry weather,IMD New Delhi & Meteorological Centre Bengaluru
2026-08-21,Chikkamagaluru,Sringeri,Karnataka,0.0,27.0,19.0,90,67,9,SW,4,Mainly clear sky with dry weather,IMD New Delhi & Meteorological Centre Bengaluru
2026-08-22,Chikkamagaluru,Sringeri,Karnataka,12.0,28.5,20.0,90,67,9,SW,7,Cloudy with moderate showers,IMD New Delhi & Meteorological Centre Bengaluru
2026-08-23,Chikkamagaluru,Sringeri,Karnataka,0.0,30.0,18.0,90,67,9,SW,4,Mainly clear sky with dry weather,IMD New Delhi & Meteorological Centre Bengaluru
2026-08-24,Chikkamagaluru,Sringeri,Karnataka,12.0,27.0,19.0,90,67,9,SW,7,Cloudy with moderate showers,IMD New Delhi & Meteorological Centre Bengaluru
2026-08-25,Chikkamagaluru,Sringeri,Karnataka,0.0,28.5,20.0,90,67,9,SW,4,Mainly clear sky with dry weather,IMD New Delhi & Meteorological Centre Bengaluru
2026-08-21,Chikkamagaluru,Tarikere,Karnataka,0.0,27.0,19.0,90,67,9,SW,4,Mainly clear sky with dry weather,IMD New Delhi & Meteorological Centre Bengaluru
2026-08-22,Chikkamagaluru,Tarikere,Karnataka,12.0,28.5,20.0,90,67,9,SW,7,Cloudy with moderate showers,IMD New Delhi & Meteorological Centre Bengaluru
2026-08-23,Chikkamagaluru,Tarikere,Karnataka,0.0,30.0,18.0,90,67,9,SW,4,Mainly clear sky with dry weather,IMD New Delhi & Meteorological Centre Bengaluru
2026-08-24,Chikkamagaluru,Tarikere,Karnataka,12.0,27.0,19.0,90,67,9,SW,7,Cloudy with moderate showers,IMD New Delhi & Meteorological Centre Bengaluru
2026-08-25,Chikkamagaluru,Tarikere,Karnataka,0.0,28.5,20.0,90,67,9,SW,4,Mainly clear sky with dry weather,IMD New Delhi & Meteorological Centre Bengaluru
2026-08-21,Chikkamagaluru,Ajjampura,Karnataka,0.0,27.0,19.0,90,67,9,SW,4,Mainly clear sky with dry weather,IMD New Delhi & Meteorological Centre Bengaluru
2026-08-22,Chikkamagaluru,Ajjampura,Karnataka,12.0,28.5,20.0,90,67,9,SW,7,Cloudy with moderate showers,IMD New Delhi & Meteorological Centre Bengaluru
2026-08-23,Chikkamagaluru,Ajjampura,Karnataka,0.0,30.0,18.0,90,67,9,SW,4,Mainly clear sky with dry weather,IMD New Delhi & Meteorological Centre Bengaluru
2026-08-24,Chikkamagaluru,Ajjampura,Karnataka,12.0,27.0,19.0,90,67,9,SW,7,Cloudy with moderate showers,IMD New Delhi & Meteorological Centre Bengaluru
2026-08-25,Chikkamagaluru,Ajjampura,Karnataka,0.0,28.5,20.0,90,67,9,SW,4,Mainly clear sky with dry weather,IMD New Delhi & Meteorological Centre Bengaluru
2026-08-21,Chitradurga,Chitradurga,Karnataka,0.0,33.0,22.0,78,43,16,WNW,2,Mainly clear sky with dry weather,IMD New Delhi & Meteorological Centre Bengaluru
2026-08-22,Chitradurga,Chitradurga,Karnataka,0.0,34.5,23.0,78,43,16,WNW,2,Mainly clear sky with dry weather,IMD New Delhi & Meteorological Centre Bengaluru
2026-08-23,Chitradurga,Chitradurga,Karnataka,0.0,36.0,21.0,78,43,16,WNW,2,Mainly clear sky with dry weather,IMD New Delhi & Meteorological Centre Bengaluru
2026-08-24,Chitradurga,Chitradurga,Karnataka,0.0,33.0,22.0,78,43,16,WNW,2,Mainly clear sky with dry weather,IMD New Delhi & Meteorological Centre Bengaluru
2026-08-25,Chitradurga,Chitradurga,Karnataka,0.0,34.5,23.0,78,43,16,WNW,2,Mainly clear sky with dry weather,IMD New Delhi & Meteorological Centre Bengaluru
2026-08-21,Chitradurga,Challakere,Karnataka,0.0,33.0,22.0,78,43,16,WNW,2,Mainly clear sky with dry weather,IMD New Delhi & Meteorological Centre Bengaluru
2026-08-22,Chitradurga,Challakere,Karnataka,0.0,34.5,23.0,78,43,16,WNW,2,Mainly clear sky with dry weather,IMD New Delhi & Meteorological Centre Bengaluru
2026-08-23,Chitradurga,Challakere,Karnataka,0.0,36.0,21.0,78,43,16,WNW,2,Mainly clear sky with dry weather,IMD New Delhi & Meteorological Centre Bengaluru
2026-08-24,Chitradurga,Challakere,Karnataka,0.0,33.0,22.0,78,43,16,WNW,2,Mainly clear sky with dry weather,IMD New Delhi & Meteorological Centre Bengaluru
2026-08-25,Chitradurga,Challakere,Karnataka,0.0,34.5,23.0,78,43,16,WNW,2,Mainly clear sky with dry weather,IMD New Delhi & Meteorological Centre Bengaluru
2026-08-21,Chitradurga,Hiriyur,Karnataka,0.0,33.0,22.0,78,43,16,WNW,2,Mainly clear sky with dry weather,IMD New Delhi & Meteorological Centre Bengaluru
2026-08-22,Chitradurga,Hiriyur,Karnataka,0.0,34.5,23.0,78,43,16,WNW,2,Mainly clear sky with dry weather,IMD New Delhi & Meteorological Centre Bengaluru
2026-08-23,Chitradurga,Hiriyur,Karnataka,0.0,36.0,21.0,78,43,16,WNW,2,Mainly clear sky with dry weather,IMD New Delhi & Meteorological Centre Bengaluru
2026-08-24,Chitradurga,Hiriyur,Karnataka,0.0,33.0,22.0,78,43,16,WNW,2,Mainly clear sky with dry weather,IMD New Delhi & Meteorological Centre Bengaluru
2026-08-25,Chitradurga,Hiriyur,Karnataka,0.0,34.5,23.0,78,43,16,WNW,2,Mainly clear sky with dry weather,IMD New Delhi & Meteorological Centre Bengaluru
2026-08-21,Chitradurga,Holalkere,Karnataka,0.0,33.0,22.0,78,43,16,WNW,2,Mainly clear sky with dry weather,IMD New Delhi & Meteorological Centre Bengaluru
2026-08-22,Chitradurga,Holalkere,Karnataka,0.0,34.5,23.0,78,43,16,WNW,2,Mainly clear sky with dry weather,IMD New Delhi & Meteorological Centre Bengaluru
2026-08-23,Chitradurga,Holalkere,Karnataka,0.0,36.0,21.0,78,43,16,WNW,2,Mainly clear sky with dry weather,IMD New Delhi & Meteorological Centre Bengaluru
2026-08-24,Chitradurga,Holalkere,Karnataka,0.0,33.0,22.0,78,43,16,WNW,2,Mainly clear sky with dry weather,IMD New Delhi & Meteorological Centre Bengaluru
2026-08-25,Chitradurga,Holalkere,Karnataka,0.0,34.5,23.0,78,43,16,WNW,2,Mainly clear sky with dry weather,IMD New Delhi & Meteorological Centre Bengaluru
2026-08-21,Chitradurga,Hosadurga,Karnataka,0.0,33.0,22.0,78,43,16,WNW,2,Mainly clear sky with dry weather,IMD New Delhi & Meteorological Centre Bengaluru
2026-08-22,Chitradurga,Hosadurga,Karnataka,0.0,34.5,23.0,78,43,16,WNW,2,Mainly clear sky with dry weather,IMD New Delhi & Meteorological Centre Bengaluru
2026-08-23,Chitradurga,Hosadurga,Karnataka,0.0,36.0,21.0,78,43,16,WNW,2,Mainly clear sky with dry weather,IMD New Delhi & Meteorological Centre Bengaluru
2026-08-24,Chitradurga,Hosadurga,Karnataka,0.0,33.0,22.0,78,43,16,WNW,2,Mainly clear sky with dry weather,IMD New Delhi & Meteorological Centre Bengaluru
2026-08-25,Chitradurga,Hosadurga,Karnataka,0.0,34.5,23.0,78,43,16,WNW,2,Mainly clear sky with dry weather,IMD New Delhi & Meteorological Centre Bengaluru
2026-08-21,Chitradurga,Molakalmuru,Karnataka,0.0,33.0,22.0,78,43,16,WNW,2,Mainly clear sky with dry weather,IMD New Delhi & Meteorological Centre Bengaluru
2026-08-22,Chitradurga,Molakalmuru,Karnataka,0.0,34.5,23.0,78,43,16,WNW,2,Mainly clear sky with dry weather,IMD New Delhi & Meteorological Centre Bengaluru
2026-08-23,Chitradurga,Molakalmuru,Karnataka,0.0,36.0,21.0,78,43,16,WNW,2,Mainly clear sky with dry weather,IMD New Delhi & Meteorological Centre Bengaluru
2026-08-24,Chitradurga,Molakalmuru,Karnataka,0.0,33.0,22.0,78,43,16,WNW,2,Mainly clear sky with dry weather,IMD New Delhi & Meteorological Centre Bengaluru
2026-08-25,Chitradurga,Molakalmuru,Karnataka,0.0,34.5,23.0,78,43,16,WNW,2,Mainly clear sky with dry weather,IMD New Delhi & Meteorological Centre Bengaluru
2026-08-21,Dakshina Kannada,Mangaluru,Karnataka,0.0,31.0,24.0,90,75,13,WNW,4,Mainly clear sky with dry weather,IMD New Delhi & Meteorological Centre Bengaluru
2026-08-22,Dakshina Kannada,Mangaluru,Karnataka,17.0,32.5,25.0,90,75,13,WNW,7,Cloudy with moderate showers,IMD New Delhi & Meteorological Centre Bengaluru
2026-08-23,Dakshina Kannada,Mangaluru,Karnataka,0.0,34.0,23.0,90,75,13,WNW,4,Mainly clear sky with dry weather,IMD New Delhi & Meteorological Centre Bengaluru
2026-08-24,Dakshina Kannada,Mangaluru,Karnataka,17.0,31.0,24.0,90,75,13,WNW,7,Cloudy with moderate showers,IMD New Delhi & Meteorological Centre Bengaluru
2026-08-25,Dakshina Kannada,Mangaluru,Karnataka,0.0,32.5,25.0,90,75,13,WNW,4,Mainly clear sky with dry weather,IMD New Delhi & Meteorological Centre Bengaluru
2026-08-21,Dakshina Kannada,Bantwal,Karnataka,0.0,31.0,24.0,90,75,13,WNW,4,Mainly clear sky with dry weather,IMD New Delhi & Meteorological Centre Bengaluru
2026-08-22,Dakshina Kannada,Bantwal,Karnataka,17.0,32.5,25.0,90,75,13,WNW,7,Cloudy with moderate showers,IMD New Delhi & Meteorological Centre Bengaluru
2026-08-23,Dakshina Kannada,Bantwal,Karnataka,0.0,34.0,23.0,90,75,13,WNW,4,Mainly clear sky with dry weather,IMD New Delhi & Meteorological Centre Bengaluru
2026-08-24,Dakshina Kannada,Bantwal,Karnataka,17.0,31.0,24.0,90,75,13,WNW,7,Cloudy with moderate showers,IMD New Delhi & Meteorological Centre Bengaluru
2026-08-25,Dakshina Kannada,Bantwal,Karnataka,0.0,32.5,25.0,90,75,13,WNW,4,Mainly clear sky with dry weather,IMD New Delhi & Meteorological Centre Bengaluru
2026-08-21,Dakshina Kannada,Belthangady,Karnataka,0.0,31.0,24.0,90,75,13,WNW,4,Mainly clear sky with dry weather,IMD New Delhi & Meteorological Centre Bengaluru
2026-08-22,Dakshina Kannada,Belthangady,Karnataka,17.0,32.5,25.0,90,75,13,WNW,7,Cloudy with moderate showers,IMD New Delhi & Meteorological Centre Bengaluru
2026-08-23,Dakshina Kannada,Belthangady,Karnataka,0.0,34.0,23.0,90,75,13,WNW,4,Mainly clear sky with dry weather,IMD New Delhi & Meteorological Centre Bengaluru
2026-08-24,Dakshina Kannada,Belthangady,Karnataka,17.0,31.0,24.0,90,75,13,WNW,7,Cloudy with moderate showers,IMD New Delhi & Meteorological Centre Bengaluru
2026-08-25,Dakshina Kannada,Belthangady,Karnataka,0.0,32.5,25.0,90,75,13,WNW,4,Mainly clear sky with dry weather,IMD New Delhi & Meteorological Centre Bengaluru
2026-08-21,Dakshina Kannada,Puttur,Karnataka,0.0,31.0,24.0,90,75,13,WNW,4,Mainly clear sky with dry weather,IMD New Delhi & Meteorological Centre Bengaluru
2026-08-22,Dakshina Kannada,Puttur,Karnataka,17.0,32.5,25.0,90,75,13,WNW,7,Cloudy with moderate showers,IMD New Delhi & Meteorological Centre Bengaluru
2026-08-23,Dakshina Kannada,Puttur,Karnataka,0.0,34.0,23.0,90,75,13,WNW,4,Mainly clear sky with dry weather,IMD New Delhi & Meteorological Centre Bengaluru
2026-08-24,Dakshina Kannada,Puttur,Karnataka,17.0,31.0,24.0,90,75,13,WNW,7,Cloudy with moderate showers,IMD New Delhi & Meteorological Centre Bengaluru
2026-08-25,Dakshina Kannada,Puttur,Karnataka,0.0,32.5,25.0,90,75,13,WNW,4,Mainly clear sky with dry weather,IMD New Delhi & Meteorological Centre Bengaluru
2026-08-21,Dakshina Kannada,Sullia,Karnataka,0.0,31.0,24.0,90,75,13,WNW,4,Mainly clear sky with dry weather,IMD New Delhi & Meteorological Centre Bengaluru
2026-08-22,Dakshina Kannada,Sullia,Karnataka,17.0,32.5,25.0,90,75,13,WNW,7,Cloudy with moderate showers,IMD New Delhi & Meteorological Centre Bengaluru
2026-08-23,Dakshina Kannada,Sullia,Karnataka,0.0,34.0,23.0,90,75,13,WNW,4,Mainly clear sky with dry weather,IMD New Delhi & Meteorological Centre Bengaluru
2026-08-24,Dakshina Kannada,Sullia,Karnataka,17.0,31.0,24.0,90,75,13,WNW,7,Cloudy with moderate showers,IMD New Delhi & Meteorological Centre Bengaluru
2026-08-25,Dakshina Kannada,Sullia,Karnataka,0.0,32.5,25.0,90,75,13,WNW,4,Mainly clear sky with dry weather,IMD New Delhi & Meteorological Centre Bengaluru
2026-08-21,Dakshina Kannada,Kadaba,Karnataka,0.0,31.0,24.0,90,75,13,WNW,4,Mainly clear sky with dry weather,IMD New Delhi & Meteorological Centre Bengaluru
2026-08-22,Dakshina Kannada,Kadaba,Karnataka,17.0,32.5,25.0,90,75,13,WNW,7,Cloudy with moderate showers,IMD New Delhi & Meteorological Centre Bengaluru
2026-08-23,Dakshina Kannada,Kadaba,Karnataka,0.0,34.0,23.0,90,75,13,WNW,4,Mainly clear sky with dry weather,IMD New Delhi & Meteorological Centre Bengaluru
2026-08-24,Dakshina Kannada,Kadaba,Karnataka,17.0,31.0,24.0,90,75,13,WNW,7,Cloudy with moderate showers,IMD New Delhi & Meteorological Centre Bengaluru
2026-08-25,Dakshina Kannada,Kadaba,Karnataka,0.0,32.5,25.0,90,75,13,WNW,4,Mainly clear sky with dry weather,IMD New Delhi & Meteorological Centre Bengaluru
2026-08-21,Dakshina Kannada,Moodabidri,Karnataka,0.0,31.0,24.0,90,75,13,WNW,4,Mainly clear sky with dry weather,IMD New Delhi & Meteorological Centre Bengaluru
2026-08-22,Dakshina Kannada,Moodabidri,Karnataka,17.0,32.5,25.0,90,75,13,WNW,7,Cloudy with moderate showers,IMD New Delhi & Meteorological Centre Bengaluru
2026-08-23,Dakshina Kannada,Moodabidri,Karnataka,0.0,34.0,23.0,90,75,13,WNW,4,Mainly clear sky with dry weather,IMD New Delhi & Meteorological Centre Bengaluru
2026-08-24,Dakshina Kannada,Moodabidri,Karnataka,17.0,31.0,24.0,90,75,13,WNW,7,Cloudy with moderate showers,IMD New Delhi & Meteorological Centre Bengaluru
2026-08-25,Dakshina Kannada,Moodabidri,Karnataka,0.0,32.5,25.0,90,75,13,WNW,4,Mainly clear sky with dry weather,IMD New Delhi & Meteorological Centre Bengaluru
2026-08-21,Davanagere,Davanagere,Karnataka,0.0,33.0,22.0,80,47,13,WNW,3,Mainly clear sky with dry weather,IMD New Delhi & Meteorological Centre Bengaluru
2026-08-22,Davanagere,Davanagere,Karnataka,0.0,34.5,23.0,80,47,13,WNW,3,Mainly clear sky with dry weather,IMD New Delhi & Meteorological Centre Bengaluru
2026-08-23,Davanagere,Davanagere,Karnataka,0.0,36.0,21.0,80,47,13,WNW,3,Mainly clear sky with dry weather,IMD New Delhi & Meteorological Centre Bengaluru
2026-08-24,Davanagere,Davanagere,Karnataka,0.0,33.0,22.0,80,47,13,WNW,3,Mainly clear sky with dry weather,IMD New Delhi & Meteorological Centre Bengaluru
2026-08-25,Davanagere,Davanagere,Karnataka,0.0,34.5,23.0,80,47,13,WNW,3,Mainly clear sky with dry weather,IMD New Delhi & Meteorological Centre Bengaluru
2026-08-21,Davanagere,Channagiri,Karnataka,0.0,33.0,22.0,80,47,13,WNW,3,Mainly clear sky with dry weather,IMD New Delhi & Meteorological Centre Bengaluru
2026-08-22,Davanagere,Channagiri,Karnataka,0.0,34.5,23.0,80,47,13,WNW,3,Mainly clear sky with dry weather,IMD New Delhi & Meteorological Centre Bengaluru
2026-08-23,Davanagere,Channagiri,Karnataka,0.0,36.0,21.0,80,47,13,WNW,3,Mainly clear sky with dry weather,IMD New Delhi & Meteorological Centre Bengaluru
2026-08-24,Davanagere,Channagiri,Karnataka,0.0,33.0,22.0,80,47,13,WNW,3,Mainly clear sky with dry weather,IMD New Delhi & Meteorological Centre Bengaluru
2026-08-25,Davanagere,Channagiri,Karnataka,0.0,34.5,23.0,80,47,13,WNW,3,Mainly clear sky with dry weather,IMD New Delhi & Meteorological Centre Bengaluru
2026-08-21,Davanagere,Harihara,Karnataka,0.0,33.0,22.0,80,47,13,WNW,3,Mainly clear sky with dry weather,IMD New Delhi & Meteorological Centre Bengaluru
2026-08-22,Davanagere,Harihara,Karnataka,0.0,34.5,23.0,80,47,13,WNW,3,Mainly clear sky with dry weather,IMD New Delhi & Meteorological Centre Bengaluru
2026-08-23,Davanagere,Harihara,Karnataka,0.0,36.0,21.0,80,47,13,WNW,3,Mainly clear sky with dry weather,IMD New Delhi & Meteorological Centre Bengaluru
2026-08-24,Davanagere,Harihara,Karnataka,0.0,33.0,22.0,80,47,13,WNW,3,Mainly clear sky with dry weather,IMD New Delhi & Meteorological Centre Bengaluru
2026-08-25,Davanagere,Harihara,Karnataka,0.0,34.5,23.0,80,47,13,WNW,3,Mainly clear sky with dry weather,IMD New Delhi & Meteorological Centre Bengaluru
2026-08-21,Davanagere,Honnali,Karnataka,0.0,33.0,22.0,80,47,13,WNW,3,Mainly clear sky with dry weather,IMD New Delhi & Meteorological Centre Bengaluru
2026-08-22,Davanagere,Honnali,Karnataka,0.0,34.5,23.0,80,47,13,WNW,3,Mainly clear sky with dry weather,IMD New Delhi & Meteorological Centre Bengaluru
2026-08-23,Davanagere,Honnali,Karnataka,0.0,36.0,21.0,80,47,13,WNW,3,Mainly clear sky with dry weather,IMD New Delhi & Meteorological Centre Bengaluru
2026-08-24,Davanagere,Honnali,Karnataka,0.0,33.0,22.0,80,47,13,WNW,3,Mainly clear sky with dry weather,IMD New Delhi & Meteorological Centre Bengaluru
2026-08-25,Davanagere,Honnali,Karnataka,0.0,34.5,23.0,80,47,13,WNW,3,Mainly clear sky with dry weather,IMD New Delhi & Meteorological Centre Bengaluru
2026-08-21,Davanagere,Jagalur,Karnataka,0.0,33.0,22.0,80,47,13,WNW,3,Mainly clear sky with dry weather,IMD New Delhi & Meteorological Centre Bengaluru
2026-08-22,Davanagere,Jagalur,Karnataka,0.0,34.5,23.0,80,47,13,WNW,3,Mainly clear sky with dry weather,IMD New Delhi & Meteorological Centre Bengaluru
2026-08-23,Davanagere,Jagalur,Karnataka,0.0,36.0,21.0,80,47,13,WNW,3,Mainly clear sky with dry weather,IMD New Delhi & Meteorological Centre Bengaluru
2026-08-24,Davanagere,Jagalur,Karnataka,0.0,33.0,22.0,80,47,13,WNW,3,Mainly clear sky with dry weather,IMD New Delhi & Meteorological Centre Bengaluru
2026-08-25,Davanagere,Jagalur,Karnataka,0.0,34.5,23.0,80,47,13,WNW,3,Mainly clear sky with dry weather,IMD New Delhi & Meteorological Centre Bengaluru
2026-08-21,Davanagere,Nyamathi,Karnataka,0.0,33.0,22.0,80,47,13,WNW,3,Mainly clear sky with dry weather,IMD New Delhi & Meteorological Centre Bengaluru
2026-08-22,Davanagere,Nyamathi,Karnataka,0.0,34.5,23.0,80,47,13,WNW,3,Mainly clear sky with dry weather,IMD New Delhi & Meteorological Centre Bengaluru
2026-08-23,Davanagere,Nyamathi,Karnataka,0.0,36.0,21.0,80,47,13,WNW,3,Mainly clear sky with dry weather,IMD New Delhi & Meteorological Centre Bengaluru
2026-08-24,Davanagere,Nyamathi,Karnataka,0.0,33.0,22.0,80,47,13,WNW,3,Mainly clear sky with dry weather,IMD New Delhi & Meteorological Centre Bengaluru
2026-08-25,Davanagere,Nyamathi,Karnataka,0.0,34.5,23.0,80,47,13,WNW,3,Mainly clear sky with dry weather,IMD New Delhi & Meteorological Centre Bengaluru
2026-08-21,Dharwad,Dharwad,Karnataka,0.0,32.0,21.0,81,49,14,WNW,3,Mainly clear sky with dry weather,IMD New Delhi & Meteorological Centre Bengaluru
2026-08-22,Dharwad,Dharwad,Karnataka,0.0,33.5,22.0,81,49,14,WNW,3,Mainly clear sky with dry weather,IMD New Delhi & Meteorological Centre Bengaluru
2026-08-23,Dharwad,Dharwad,Karnataka,0.0,35.0,20.0,81,49,14,WNW,3,Mainly clear sky with dry weather,IMD New Delhi & Meteorological Centre Bengaluru
2026-08-24,Dharwad,Dharwad,Karnataka,0.0,32.0,21.0,81,49,14,WNW,3,Mainly clear sky with dry weather,IMD New Delhi & Meteorological Centre Bengaluru
2026-08-25,Dharwad,Dharwad,Karnataka,0.0,33.5,22.0,81,49,14,WNW,3,Mainly clear sky with dry weather,IMD New Delhi & Meteorological Centre Bengaluru
2026-08-21,Dharwad,Alnavar,Karnataka,0.0,32.0,21.0,81,49,14,WNW,3,Mainly clear sky with dry weather,IMD New Delhi & Meteorological Centre Bengaluru
2026-08-22,Dharwad,Alnavar,Karnataka,0.0,33.5,22.0,81,49,14,WNW,3,Mainly clear sky with dry weather,IMD New Delhi & Meteorological Centre Bengaluru
2026-08-23,Dharwad,Alnavar,Karnataka,0.0,35.0,20.0,81,49,14,WNW,3,Mainly clear sky with dry weather,IMD New Delhi & Meteorological Centre Bengaluru
2026-08-24,Dharwad,Alnavar,Karnataka,0.0,32.0,21.0,81,49,14,WNW,3,Mainly clear sky with dry weather,IMD New Delhi & Meteorological Centre Bengaluru
2026-08-25,Dharwad,Alnavar,Karnataka,0.0,33.5,22.0,81,49,14,WNW,3,Mainly clear sky with dry weather,IMD New Delhi & Meteorological Centre Bengaluru
2026-08-21,Dharwad,Annigeri,Karnataka,0.0,32.0,21.0,81,49,14,WNW,3,Mainly clear sky with dry weather,IMD New Delhi & Meteorological Centre Bengaluru
2026-08-22,Dharwad,Annigeri,Karnataka,0.0,33.5,22.0,81,49,14,WNW,3,Mainly clear sky with dry weather,IMD New Delhi & Meteorological Centre Bengaluru
2026-08-23,Dharwad,Annigeri,Karnataka,0.0,35.0,20.0,81,49,14,WNW,3,Mainly clear sky with dry weather,IMD New Delhi & Meteorological Centre Bengaluru
2026-08-24,Dharwad,Annigeri,Karnataka,0.0,32.0,21.0,81,49,14,WNW,3,Mainly clear sky with dry weather,IMD New Delhi & Meteorological Centre Bengaluru
2026-08-25,Dharwad,Annigeri,Karnataka,0.0,33.5,22.0,81,49,14,WNW,3,Mainly clear sky with dry weather,IMD New Delhi & Meteorological Centre Bengaluru
2026-08-21,Dharwad,Hubballi Rural,Karnataka,0.0,32.0,21.0,81,49,14,WNW,3,Mainly clear sky with dry weather,IMD New Delhi & Meteorological Centre Bengaluru
2026-08-22,Dharwad,Hubballi Rural,Karnataka,0.0,33.5,22.0,81,49,14,WNW,3,Mainly clear sky with dry weather,IMD New Delhi & Meteorological Centre Bengaluru
2026-08-23,Dharwad,Hubballi Rural,Karnataka,0.0,35.0,20.0,81,49,14,WNW,3,Mainly clear sky with dry weather,IMD New Delhi & Meteorological Centre Bengaluru
2026-08-24,Dharwad,Hubballi Rural,Karnataka,0.0,32.0,21.0,81,49,14,WNW,3,Mainly clear sky with dry weather,IMD New Delhi & Meteorological Centre Bengaluru
2026-08-25,Dharwad,Hubballi Rural,Karnataka,0.0,33.5,22.0,81,49,14,WNW,3,Mainly clear sky with dry weather,IMD New Delhi & Meteorological Centre Bengaluru
2026-08-21,Dharwad,Hubballi Urban,Karnataka,0.0,32.0,21.0,81,49,14,WNW,3,Mainly clear sky with dry weather,IMD New Delhi & Meteorological Centre Bengaluru
2026-08-22,Dharwad,Hubballi Urban,Karnataka,0.0,33.5,22.0,81,49,14,WNW,3,Mainly clear sky with dry weather,IMD New Delhi & Meteorological Centre Bengaluru
2026-08-23,Dharwad,Hubballi Urban,Karnataka,0.0,35.0,20.0,81,49,14,WNW,3,Mainly clear sky with dry weather,IMD New Delhi & Meteorological Centre Bengaluru
2026-08-24,Dharwad,Hubballi Urban,Karnataka,0.0,32.0,21.0,81,49,14,WNW,3,Mainly clear sky with dry weather,IMD New Delhi & Meteorological Centre Bengaluru
2026-08-25,Dharwad,Hubballi Urban,Karnataka,0.0,33.5,22.0,81,49,14,WNW,3,Mainly clear sky with dry weather,IMD New Delhi & Meteorological Centre Bengaluru
2026-08-21,Dharwad,Kalghatgi,Karnataka,0.0,32.0,21.0,81,49,14,WNW,3,Mainly clear sky with dry weather,IMD New Delhi & Meteorological Centre Bengaluru
2026-08-22,Dharwad,Kalghatgi,Karnataka,0.0,33.5,22.0,81,49,14,WNW,3,Mainly clear sky with dry weather,IMD New Delhi & Meteorological Centre Bengaluru
2026-08-23,Dharwad,Kalghatgi,Karnataka,0.0,35.0,20.0,81,49,14,WNW,3,Mainly clear sky with dry weather,IMD New Delhi & Meteorological Centre Bengaluru
2026-08-24,Dharwad,Kalghatgi,Karnataka,0.0,32.0,21.0,81,49,14,WNW,3,Mainly clear sky with dry weather,IMD New Delhi & Meteorological Centre Bengaluru
2026-08-25,Dharwad,Kalghatgi,Karnataka,0.0,33.5,22.0,81,49,14,WNW,3,Mainly clear sky with dry weather,IMD New Delhi & Meteorological Centre Bengaluru
2026-08-21,Dharwad,Kundgol,Karnataka,0.0,32.0,21.0,81,49,14,WNW,3,Mainly clear sky with dry weather,IMD New Delhi & Meteorological Centre Bengaluru
2026-08-22,Dharwad,Kundgol,Karnataka,0.0,33.5,22.0,81,49,14,WNW,3,Mainly clear sky with dry weather,IMD New Delhi & Meteorological Centre Bengaluru
2026-08-23,Dharwad,Kundgol,Karnataka,0.0,35.0,20.0,81,49,14,WNW,3,Mainly clear sky with dry weather,IMD New Delhi & Meteorological Centre Bengaluru
2026-08-24,Dharwad,Kundgol,Karnataka,0.0,32.0,21.0,81,49,14,WNW,3,Mainly clear sky with dry weather,IMD New Delhi & Meteorological Centre Bengaluru
2026-08-25,Dharwad,Kundgol,Karnataka,0.0,33.5,22.0,81,49,14,WNW,3,Mainly clear sky with dry weather,IMD New Delhi & Meteorological Centre Bengaluru
2026-08-21,Dharwad,Navalgund,Karnataka,0.0,32.0,21.0,81,49,14,WNW,3,Mainly clear sky with dry weather,IMD New Delhi & Meteorological Centre Bengaluru
2026-08-22,Dharwad,Navalgund,Karnataka,0.0,33.5,22.0,81,49,14,WNW,3,Mainly clear sky with dry weather,IMD New Delhi & Meteorological Centre Bengaluru
2026-08-23,Dharwad,Navalgund,Karnataka,0.0,35.0,20.0,81,49,14,WNW,3,Mainly clear sky with dry weather,IMD New Delhi & Meteorological Centre Bengaluru
2026-08-24,Dharwad,Navalgund,Karnataka,0.0,32.0,21.0,81,49,14,WNW,3,Mainly clear sky with dry weather,IMD New Delhi & Meteorological Centre Bengaluru
2026-08-25,Dharwad,Navalgund,Karnataka,0.0,33.5,22.0,81,49,14,WNW,3,Mainly clear sky with dry weather,IMD New Delhi & Meteorological Centre Bengaluru
2026-08-21,Gadag,Gadag,Karnataka,0.0,33.0,22.0,78,44,15,WNW,3,Mainly clear sky with dry weather,IMD New Delhi & Meteorological Centre Bengaluru
2026-08-22,Gadag,Gadag,Karnataka,0.0,34.5,23.0,78,44,15,WNW,3,Mainly clear sky with dry weather,IMD New Delhi & Meteorological Centre Bengaluru
2026-08-23,Gadag,Gadag,Karnataka,0.0,36.0,21.0,78,44,15,WNW,3,Mainly clear sky with dry weather,IMD New Delhi & Meteorological Centre Bengaluru
2026-08-24,Gadag,Gadag,Karnataka,0.0,33.0,22.0,78,44,15,WNW,3,Mainly clear sky with dry weather,IMD New Delhi & Meteorological Centre Bengaluru
2026-08-25,Gadag,Gadag,Karnataka,0.0,34.5,23.0,78,44,15,WNW,3,Mainly clear sky with dry weather,IMD New Delhi & Meteorological Centre Bengaluru
2026-08-21,Gadag,Gajendragad,Karnataka,0.0,33.0,22.0,78,44,15,WNW,3,Mainly clear sky with dry weather,IMD New Delhi & Meteorological Centre Bengaluru
2026-08-22,Gadag,Gajendragad,Karnataka,0.0,34.5,23.0,78,44,15,WNW,3,Mainly clear sky with dry weather,IMD New Delhi & Meteorological Centre Bengaluru
2026-08-23,Gadag,Gajendragad,Karnataka,0.0,36.0,21.0,78,44,15,WNW,3,Mainly clear sky with dry weather,IMD New Delhi & Meteorological Centre Bengaluru
2026-08-24,Gadag,Gajendragad,Karnataka,0.0,33.0,22.0,78,44,15,WNW,3,Mainly clear sky with dry weather,IMD New Delhi & Meteorological Centre Bengaluru
2026-08-25,Gadag,Gajendragad,Karnataka,0.0,34.5,23.0,78,44,15,WNW,3,Mainly clear sky with dry weather,IMD New Delhi & Meteorological Centre Bengaluru
2026-08-21,Gadag,Lakshmeshwar,Karnataka,0.0,33.0,22.0,78,44,15,WNW,3,Mainly clear sky with dry weather,IMD New Delhi & Meteorological Centre Bengaluru
2026-08-22,Gadag,Lakshmeshwar,Karnataka,0.0,34.5,23.0,78,44,15,WNW,3,Mainly clear sky with dry weather,IMD New Delhi & Meteorological Centre Bengaluru
2026-08-23,Gadag,Lakshmeshwar,Karnataka,0.0,36.0,21.0,78,44,15,WNW,3,Mainly clear sky with dry weather,IMD New Delhi & Meteorological Centre Bengaluru
2026-08-24,Gadag,Lakshmeshwar,Karnataka,0.0,33.0,22.0,78,44,15,WNW,3,Mainly clear sky with dry weather,IMD New Delhi & Meteorological Centre Bengaluru
2026-08-25,Gadag,Lakshmeshwar,Karnataka,0.0,34.5,23.0,78,44,15,WNW,3,Mainly clear sky with dry weather,IMD New Delhi & Meteorological Centre Bengaluru
2026-08-21,Gadag,Mundargi,Karnataka,0.0,33.0,22.0,78,44,15,WNW,3,Mainly clear sky with dry weather,IMD New Delhi & Meteorological Centre Bengaluru
2026-08-22,Gadag,Mundargi,Karnataka,0.0,34.5,23.0,78,44,15,WNW,3,Mainly clear sky with dry weather,IMD New Delhi & Meteorological Centre Bengaluru
2026-08-23,Gadag,Mundargi,Karnataka,0.0,36.0,21.0,78,44,15,WNW,3,Mainly clear sky with dry weather,IMD New Delhi & Meteorological Centre Bengaluru
2026-08-24,Gadag,Mundargi,Karnataka,0.0,33.0,22.0,78,44,15,WNW,3,Mainly clear sky with dry weather,IMD New Delhi & Meteorological Centre Bengaluru
2026-08-25,Gadag,Mundargi,Karnataka,0.0,34.5,23.0,78,44,15,WNW,3,Mainly clear sky with dry weather,IMD New Delhi & Meteorological Centre Bengaluru
2026-08-21,Gadag,Nargund,Karnataka,0.0,33.0,22.0,78,44,15,WNW,3,Mainly clear sky with dry weather,IMD New Delhi & Meteorological Centre Bengaluru
2026-08-22,Gadag,Nargund,Karnataka,0.0,34.5,23.0,78,44,15,WNW,3,Mainly clear sky with dry weather,IMD New Delhi & Meteorological Centre Bengaluru
2026-08-23,Gadag,Nargund,Karnataka,0.0,36.0,21.0,78,44,15,WNW,3,Mainly clear sky with dry weather,IMD New Delhi & Meteorological Centre Bengaluru
2026-08-24,Gadag,Nargund,Karnataka,0.0,33.0,22.0,78,44,15,WNW,3,Mainly clear sky with dry weather,IMD New Delhi & Meteorological Centre Bengaluru
2026-08-25,Gadag,Nargund,Karnataka,0.0,34.5,23.0,78,44,15,WNW,3,Mainly clear sky with dry weather,IMD New Delhi & Meteorological Centre Bengaluru
2026-08-21,Gadag,Ron,Karnataka,0.0,33.0,22.0,78,44,15,WNW,3,Mainly clear sky with dry weather,IMD New Delhi & Meteorological Centre Bengaluru
2026-08-22,Gadag,Ron,Karnataka,0.0,34.5,23.0,78,44,15,WNW,3,Mainly clear sky with dry weather,IMD New Delhi & Meteorological Centre Bengaluru
2026-08-23,Gadag,Ron,Karnataka,0.0,36.0,21.0,78,44,15,WNW,3,Mainly clear sky with dry weather,IMD New Delhi & Meteorological Centre Bengaluru
2026-08-24,Gadag,Ron,Karnataka,0.0,33.0,22.0,78,44,15,WNW,3,Mainly clear sky with dry weather,IMD New Delhi & Meteorological Centre Bengaluru
2026-08-25,Gadag,Ron,Karnataka,0.0,34.5,23.0,78,44,15,WNW,3,Mainly clear sky with dry weather,IMD New Delhi & Meteorological Centre Bengaluru
2026-08-21,Gadag,Shirahatti,Karnataka,0.0,33.0,22.0,78,44,15,WNW,3,Mainly clear sky with dry weather,IMD New Delhi & Meteorological Centre Bengaluru
2026-08-22,Gadag,Shirahatti,Karnataka,0.0,34.5,23.0,78,44,15,WNW,3,Mainly clear sky with dry weather,IMD New Delhi & Meteorological Centre Bengaluru
2026-08-23,Gadag,Shirahatti,Karnataka,0.0,36.0,21.0,78,44,15,WNW,3,Mainly clear sky with dry weather,IMD New Delhi & Meteorological Centre Bengaluru
2026-08-24,Gadag,Shirahatti,Karnataka,0.0,33.0,22.0,78,44,15,WNW,3,Mainly clear sky with dry weather,IMD New Delhi & Meteorological Centre Bengaluru
2026-08-25,Gadag,Shirahatti,Karnataka,0.0,34.5,23.0,78,44,15,WNW,3,Mainly clear sky with dry weather,IMD New Delhi & Meteorological Centre Bengaluru
2026-08-21,Hassan,Hassan,Karnataka,0.0,29.0,20.0,86,59,11,WSW,4,Mainly clear sky with dry weather,IMD New Delhi & Meteorological Centre Bengaluru
2026-08-22,Hassan,Hassan,Karnataka,8.0,30.5,21.0,86,59,11,WSW,6,Partly cloudy with light rain,IMD New Delhi & Meteorological Centre Bengaluru
2026-08-23,Hassan,Hassan,Karnataka,0.0,32.0,19.0,86,59,11,WSW,4,Mainly clear sky with dry weather,IMD New Delhi & Meteorological Centre Bengaluru
2026-08-24,Hassan,Hassan,Karnataka,8.0,29.0,20.0,86,59,11,WSW,6,Partly cloudy with light rain,IMD New Delhi & Meteorological Centre Bengaluru
2026-08-25,Hassan,Hassan,Karnataka,0.0,30.5,21.0,86,59,11,WSW,4,Mainly clear sky with dry weather,IMD New Delhi & Meteorological Centre Bengaluru
2026-08-21,Hassan,Alur,Karnataka,0.0,29.0,20.0,86,59,11,WSW,4,Mainly clear sky with dry weather,IMD New Delhi & Meteorological Centre Bengaluru
2026-08-22,Hassan,Alur,Karnataka,8.0,30.5,21.0,86,59,11,WSW,6,Partly cloudy with light rain,IMD New Delhi & Meteorological Centre Bengaluru
2026-08-23,Hassan,Alur,Karnataka,0.0,32.0,19.0,86,59,11,WSW,4,Mainly clear sky with dry weather,IMD New Delhi & Meteorological Centre Bengaluru
2026-08-24,Hassan,Alur,Karnataka,8.0,29.0,20.0,86,59,11,WSW,6,Partly cloudy with light rain,IMD New Delhi & Meteorological Centre Bengaluru
2026-08-25,Hassan,Alur,Karnataka,0.0,30.5,21.0,86,59,11,WSW,4,Mainly clear sky with dry weather,IMD New Delhi & Meteorological Centre Bengaluru
2026-08-21,Hassan,Arkalgud,Karnataka,0.0,29.0,20.0,86,59,11,WSW,4,Mainly clear sky with dry weather,IMD New Delhi & Meteorological Centre Bengaluru
2026-08-22,Hassan,Arkalgud,Karnataka,8.0,30.5,21.0,86,59,11,WSW,6,Partly cloudy with light rain,IMD New Delhi & Meteorological Centre Bengaluru
2026-08-23,Hassan,Arkalgud,Karnataka,0.0,32.0,19.0,86,59,11,WSW,4,Mainly clear sky with dry weather,IMD New Delhi & Meteorological Centre Bengaluru
2026-08-24,Hassan,Arkalgud,Karnataka,8.0,29.0,20.0,86,59,11,WSW,6,Partly cloudy with light rain,IMD New Delhi & Meteorological Centre Bengaluru
2026-08-25,Hassan,Arkalgud,Karnataka,0.0,30.5,21.0,86,59,11,WSW,4,Mainly clear sky with dry weather,IMD New Delhi & Meteorological Centre Bengaluru
2026-08-21,Hassan,Arsikere,Karnataka,0.0,29.0,20.0,86,59,11,WSW,4,Mainly clear sky with dry weather,IMD New Delhi & Meteorological Centre Bengaluru
2026-08-22,Hassan,Arsikere,Karnataka,8.0,30.5,21.0,86,59,11,WSW,6,Partly cloudy with light rain,IMD New Delhi & Meteorological Centre Bengaluru
2026-08-23,Hassan,Arsikere,Karnataka,0.0,32.0,19.0,86,59,11,WSW,4,Mainly clear sky with dry weather,IMD New Delhi & Meteorological Centre Bengaluru
2026-08-24,Hassan,Arsikere,Karnataka,8.0,29.0,20.0,86,59,11,WSW,6,Partly cloudy with light rain,IMD New Delhi & Meteorological Centre Bengaluru
2026-08-25,Hassan,Arsikere,Karnataka,0.0,30.5,21.0,86,59,11,WSW,4,Mainly clear sky with dry weather,IMD New Delhi & Meteorological Centre Bengaluru
2026-08-21,Hassan,Belur,Karnataka,0.0,29.0,20.0,86,59,11,WSW,4,Mainly clear sky with dry weather,IMD New Delhi & Meteorological Centre Bengaluru
2026-08-22,Hassan,Belur,Karnataka,8.0,30.5,21.0,86,59,11,WSW,6,Partly cloudy with light rain,IMD New Delhi & Meteorological Centre Bengaluru
2026-08-23,Hassan,Belur,Karnataka,0.0,32.0,19.0,86,59,11,WSW,4,Mainly clear sky with dry weather,IMD New Delhi & Meteorological Centre Bengaluru
2026-08-24,Hassan,Belur,Karnataka,8.0,29.0,20.0,86,59,11,WSW,6,Partly cloudy with light rain,IMD New Delhi & Meteorological Centre Bengaluru
2026-08-25,Hassan,Belur,Karnataka,0.0,30.5,21.0,86,59,11,WSW,4,Mainly clear sky with dry weather,IMD New Delhi & Meteorological Centre Bengaluru
2026-08-21,Hassan,Channarayapatna,Karnataka,0.0,29.0,20.0,86,59,11,WSW,4,Mainly clear sky with dry weather,IMD New Delhi & Meteorological Centre Bengaluru
2026-08-22,Hassan,Channarayapatna,Karnataka,8.0,30.5,21.0,86,59,11,WSW,6,Partly cloudy with light rain,IMD New Delhi & Meteorological Centre Bengaluru
2026-08-23,Hassan,Channarayapatna,Karnataka,0.0,32.0,19.0,86,59,11,WSW,4,Mainly clear sky with dry weather,IMD New Delhi & Meteorological Centre Bengaluru
2026-08-24,Hassan,Channarayapatna,Karnataka,8.0,29.0,20.0,86,59,11,WSW,6,Partly cloudy with light rain,IMD New Delhi & Meteorological Centre Bengaluru
2026-08-25,Hassan,Channarayapatna,Karnataka,0.0,30.5,21.0,86,59,11,WSW,4,Mainly clear sky with dry weather,IMD New Delhi & Meteorological Centre Bengaluru
2026-08-21,Hassan,Holenarasipura,Karnataka,0.0,29.0,20.0,86,59,11,WSW,4,Mainly clear sky with dry weather,IMD New Delhi & Meteorological Centre Bengaluru
2026-08-22,Hassan,Holenarasipura,Karnataka,8.0,30.5,21.0,86,59,11,WSW,6,Partly cloudy with light rain,IMD New Delhi & Meteorological Centre Bengaluru
2026-08-23,Hassan,Holenarasipura,Karnataka,0.0,32.0,19.0,86,59,11,WSW,4,Mainly clear sky with dry weather,IMD New Delhi & Meteorological Centre Bengaluru
2026-08-24,Hassan,Holenarasipura,Karnataka,8.0,29.0,20.0,86,59,11,WSW,6,Partly cloudy with light rain,IMD New Delhi & Meteorological Centre Bengaluru
2026-08-25,Hassan,Holenarasipura,Karnataka,0.0,30.5,21.0,86,59,11,WSW,4,Mainly clear sky with dry weather,IMD New Delhi & Meteorological Centre Bengaluru
2026-08-21,Hassan,Sakleshpur,Karnataka,0.0,29.0,20.0,86,59,11,WSW,4,Mainly clear sky with dry weather,IMD New Delhi & Meteorological Centre Bengaluru
2026-08-22,Hassan,Sakleshpur,Karnataka,8.0,30.5,21.0,86,59,11,WSW,6,Partly cloudy with light rain,IMD New Delhi & Meteorological Centre Bengaluru
2026-08-23,Hassan,Sakleshpur,Karnataka,0.0,32.0,19.0,86,59,11,WSW,4,Mainly clear sky with dry weather,IMD New Delhi & Meteorological Centre Bengaluru
2026-08-24,Hassan,Sakleshpur,Karnataka,8.0,29.0,20.0,86,59,11,WSW,6,Partly cloudy with light rain,IMD New Delhi & Meteorological Centre Bengaluru
2026-08-25,Hassan,Sakleshpur,Karnataka,0.0,30.5,21.0,86,59,11,WSW,4,Mainly clear sky with dry weather,IMD New Delhi & Meteorological Centre Bengaluru
2026-08-21,Haveri,Haveri,Karnataka,0.0,32.0,21.0,82,51,13,W,3,Mainly clear sky with dry weather,IMD New Delhi & Meteorological Centre Bengaluru
2026-08-22,Haveri,Haveri,Karnataka,4.6,33.5,22.0,82,51,13,W,5,Partly cloudy with light rain,IMD New Delhi & Meteorological Centre Bengaluru
2026-08-23,Haveri,Haveri,Karnataka,0.0,35.0,20.0,82,51,13,W,3,Mainly clear sky with dry weather,IMD New Delhi & Meteorological Centre Bengaluru
2026-08-24,Haveri,Haveri,Karnataka,4.6,32.0,21.0,82,51,13,W,5,Partly cloudy with light rain,IMD New Delhi & Meteorological Centre Bengaluru
2026-08-25,Haveri,Haveri,Karnataka,0.0,33.5,22.0,82,51,13,W,3,Mainly clear sky with dry weather,IMD New Delhi & Meteorological Centre Bengaluru
2026-08-21,Haveri,Byadgi,Karnataka,0.0,32.0,21.0,82,51,13,W,3,Mainly clear sky with dry weather,IMD New Delhi & Meteorological Centre Bengaluru
2026-08-22,Haveri,Byadgi,Karnataka,4.6,33.5,22.0,82,51,13,W,5,Partly cloudy with light rain,IMD New Delhi & Meteorological Centre Bengaluru
2026-08-23,Haveri,Byadgi,Karnataka,0.0,35.0,20.0,82,51,13,W,3,Mainly clear sky with dry weather,IMD New Delhi & Meteorological Centre Bengaluru
2026-08-24,Haveri,Byadgi,Karnataka,4.6,32.0,21.0,82,51,13,W,5,Partly cloudy with light rain,IMD New Delhi & Meteorological Centre Bengaluru
2026-08-25,Haveri,Byadgi,Karnataka,0.0,33.5,22.0,82,51,13,W,3,Mainly clear sky with dry weather,IMD New Delhi & Meteorological Centre Bengaluru
2026-08-21,Haveri,Hangal,Karnataka,0.0,32.0,21.0,82,51,13,W,3,Mainly clear sky with dry weather,IMD New Delhi & Meteorological Centre Bengaluru
2026-08-22,Haveri,Hangal,Karnataka,4.6,33.5,22.0,82,51,13,W,5,Partly cloudy with light rain,IMD New Delhi & Meteorological Centre Bengaluru
2026-08-23,Haveri,Hangal,Karnataka,0.0,35.0,20.0,82,51,13,W,3,Mainly clear sky with dry weather,IMD New Delhi & Meteorological Centre Bengaluru
2026-08-24,Haveri,Hangal,Karnataka,4.6,32.0,21.0,82,51,13,W,5,Partly cloudy with light rain,IMD New Delhi & Meteorological Centre Bengaluru
2026-08-25,Haveri,Hangal,Karnataka,0.0,33.5,22.0,82,51,13,W,3,Mainly clear sky with dry weather,IMD New Delhi & Meteorological Centre Bengaluru
2026-08-21,Haveri,Hirekerur,Karnataka,0.0,32.0,21.0,82,51,13,W,3,Mainly clear sky with dry weather,IMD New Delhi & Meteorological Centre Bengaluru
2026-08-22,Haveri,Hirekerur,Karnataka,4.6,33.5,22.0,82,51,13,W,5,Partly cloudy with light rain,IMD New Delhi & Meteorological Centre Bengaluru
2026-08-23,Haveri,Hirekerur,Karnataka,0.0,35.0,20.0,82,51,13,W,3,Mainly clear sky with dry weather,IMD New Delhi & Meteorological Centre Bengaluru
2026-08-24,Haveri,Hirekerur,Karnataka,4.6,32.0,21.0,82,51,13,W,5,Partly cloudy with light rain,IMD New Delhi & Meteorological Centre Bengaluru
2026-08-25,Haveri,Hirekerur,Karnataka,0.0,33.5,22.0,82,51,13,W,3,Mainly clear sky with dry weather,IMD New Delhi & Meteorological Centre Bengaluru
2026-08-21,Haveri,Ranebennur,Karnataka,0.0,32.0,21.0,82,51,13,W,3,Mainly clear sky with dry weather,IMD New Delhi & Meteorological Centre Bengaluru
2026-08-22,Haveri,Ranebennur,Karnataka,4.6,33.5,22.0,82,51,13,W,5,Partly cloudy with light rain,IMD New Delhi & Meteorological Centre Bengaluru
2026-08-23,Haveri,Ranebennur,Karnataka,0.0,35.0,20.0,82,51,13,W,3,Mainly clear sky with dry weather,IMD New Delhi & Meteorological Centre Bengaluru
2026-08-24,Haveri,Ranebennur,Karnataka,4.6,32.0,21.0,82,51,13,W,5,Partly cloudy with light rain,IMD New Delhi & Meteorological Centre Bengaluru
2026-08-25,Haveri,Ranebennur,Karnataka,0.0,33.5,22.0,82,51,13,W,3,Mainly clear sky with dry weather,IMD New Delhi & Meteorological Centre Bengaluru
2026-08-21,Haveri,Rattihalli,Karnataka,0.0,32.0,21.0,82,51,13,W,3,Mainly clear sky with dry weather,IMD New Delhi & Meteorological Centre Bengaluru
2026-08-22,Haveri,Rattihalli,Karnataka,4.6,33.5,22.0,82,51,13,W,5,Partly cloudy with light rain,IMD New Delhi & Meteorological Centre Bengaluru
2026-08-23,Haveri,Rattihalli,Karnataka,0.0,35.0,20.0,82,51,13,W,3,Mainly clear sky with dry weather,IMD New Delhi & Meteorological Centre Bengaluru
2026-08-24,Haveri,Rattihalli,Karnataka,4.6,32.0,21.0,82,51,13,W,5,Partly cloudy with light rain,IMD New Delhi & Meteorological Centre Bengaluru
2026-08-25,Haveri,Rattihalli,Karnataka,0.0,33.5,22.0,82,51,13,W,3,Mainly clear sky with dry weather,IMD New Delhi & Meteorological Centre Bengaluru
2026-08-21,Haveri,Savanur,Karnataka,0.0,32.0,21.0,82,51,13,W,3,Mainly clear sky with dry weather,IMD New Delhi & Meteorological Centre Bengaluru
2026-08-22,Haveri,Savanur,Karnataka,4.6,33.5,22.0,82,51,13,W,5,Partly cloudy with light rain,IMD New Delhi & Meteorological Centre Bengaluru
2026-08-23,Haveri,Savanur,Karnataka,0.0,35.0,20.0,82,51,13,W,3,Mainly clear sky with dry weather,IMD New Delhi & Meteorological Centre Bengaluru
2026-08-24,Haveri,Savanur,Karnataka,4.6,32.0,21.0,82,51,13,W,5,Partly cloudy with light rain,IMD New Delhi & Meteorological Centre Bengaluru
2026-08-25,Haveri,Savanur,Karnataka,0.0,33.5,22.0,82,51,13,W,3,Mainly clear sky with dry weather,IMD New Delhi & Meteorological Centre Bengaluru
2026-08-21,Haveri,Shiggaon,Karnataka,0.0,32.0,21.0,82,51,13,W,3,Mainly clear sky with dry weather,IMD New Delhi & Meteorological Centre Bengaluru
2026-08-22,Haveri,Shiggaon,Karnataka,4.6,33.5,22.0,82,51,13,W,5,Partly cloudy with light rain,IMD New Delhi & Meteorological Centre Bengaluru
2026-08-23,Haveri,Shiggaon,Karnataka,0.0,35.0,20.0,82,51,13,W,3,Mainly clear sky with dry weather,IMD New Delhi & Meteorological Centre Bengaluru
2026-08-24,Haveri,Shiggaon,Karnataka,4.6,32.0,21.0,82,51,13,W,5,Partly cloudy with light rain,IMD New Delhi & Meteorological Centre Bengaluru
2026-08-25,Haveri,Shiggaon,Karnataka,0.0,33.5,22.0,82,51,13,W,3,Mainly clear sky with dry weather,IMD New Delhi & Meteorological Centre Bengaluru
2026-08-21,Kalaburagi,Kalaburagi,Karnataka,0.0,36.0,24.5,71,34,15,NW,2,Mainly clear sky with dry weather,IMD New Delhi & Meteorological Centre Bengaluru
2026-08-22,Kalaburagi,Kalaburagi,Karnataka,0.0,38.0,26.0,71,34,15,NW,2,Mainly clear sky with dry weather,IMD New Delhi & Meteorological Centre Bengaluru
2026-08-23,Kalaburagi,Kalaburagi,Karnataka,0.0,40.0,23.0,71,34,15,NW,2,Mainly clear sky with dry weather,IMD New Delhi & Meteorological Centre Bengaluru
2026-08-24,Kalaburagi,Kalaburagi,Karnataka,0.0,36.0,24.5,71,34,15,NW,2,Mainly clear sky with dry weather,IMD New Delhi & Meteorological Centre Bengaluru
2026-08-25,Kalaburagi,Kalaburagi,Karnataka,0.0,38.0,26.0,71,34,15,NW,2,Mainly clear sky with dry weather,IMD New Delhi & Meteorological Centre Bengaluru
2026-08-21,Kalaburagi,Afzalpur,Karnataka,0.0,36.0,24.5,71,34,15,NW,2,Mainly clear sky with dry weather,IMD New Delhi & Meteorological Centre Bengaluru
2026-08-22,Kalaburagi,Afzalpur,Karnataka,0.0,38.0,26.0,71,34,15,NW,2,Mainly clear sky with dry weather,IMD New Delhi & Meteorological Centre Bengaluru
2026-08-23,Kalaburagi,Afzalpur,Karnataka,0.0,40.0,23.0,71,34,15,NW,2,Mainly clear sky with dry weather,IMD New Delhi & Meteorological Centre Bengaluru
2026-08-24,Kalaburagi,Afzalpur,Karnataka,0.0,36.0,24.5,71,34,15,NW,2,Mainly clear sky with dry weather,IMD New Delhi & Meteorological Centre Bengaluru
2026-08-25,Kalaburagi,Afzalpur,Karnataka,0.0,38.0,26.0,71,34,15,NW,2,Mainly clear sky with dry weather,IMD New Delhi & Meteorological Centre Bengaluru
2026-08-21,Kalaburagi,Aland,Karnataka,0.0,36.0,24.5,71,34,15,NW,2,Mainly clear sky with dry weather,IMD New Delhi & Meteorological Centre Bengaluru
2026-08-22,Kalaburagi,Aland,Karnataka,0.0,38.0,26.0,71,34,15,NW,2,Mainly clear sky with dry weather,IMD New Delhi & Meteorological Centre Bengaluru
2026-08-23,Kalaburagi,Aland,Karnataka,0.0,40.0,23.0,71,34,15,NW,2,Mainly clear sky with dry weather,IMD New Delhi & Meteorological Centre Bengaluru
2026-08-24,Kalaburagi,Aland,Karnataka,0.0,36.0,24.5,71,34,15,NW,2,Mainly clear sky with dry weather,IMD New Delhi & Meteorological Centre Bengaluru
2026-08-25,Kalaburagi,Aland,Karnataka,0.0,38.0,26.0,71,34,15,NW,2,Mainly clear sky with dry weather,IMD New Delhi & Meteorological Centre Bengaluru
2026-08-21,Kalaburagi,Chincholi,Karnataka,0.0,36.0,24.5,71,34,15,NW,2,Mainly clear sky with dry weather,IMD New Delhi & Meteorological Centre Bengaluru
2026-08-22,Kalaburagi,Chincholi,Karnataka,0.0,38.0,26.0,71,34,15,NW,2,Mainly clear sky with dry weather,IMD New Delhi & Meteorological Centre Bengaluru
2026-08-23,Kalaburagi,Chincholi,Karnataka,0.0,40.0,23.0,71,34,15,NW,2,Mainly clear sky with dry weather,IMD New Delhi & Meteorological Centre Bengaluru
2026-08-24,Kalaburagi,Chincholi,Karnataka,0.0,36.0,24.5,71,34,15,NW,2,Mainly clear sky with dry weather,IMD New Delhi & Meteorological Centre Bengaluru
2026-08-25,Kalaburagi,Chincholi,Karnataka,0.0,38.0,26.0,71,34,15,NW,2,Mainly clear sky with dry weather,IMD New Delhi & Meteorological Centre Bengaluru
2026-08-21,Kalaburagi,Chittapur,Karnataka,0.0,36.0,24.5,71,34,15,NW,2,Mainly clear sky with dry weather,IMD New Delhi & Meteorological Centre Bengaluru
2026-08-22,Kalaburagi,Chittapur,Karnataka,0.0,38.0,26.0,71,34,15,NW,2,Mainly clear sky with dry weather,IMD New Delhi & Meteorological Centre Bengaluru
2026-08-23,Kalaburagi,Chittapur,Karnataka,0.0,40.0,23.0,71,34,15,NW,2,Mainly clear sky with dry weather,IMD New Delhi & Meteorological Centre Bengaluru
2026-08-24,Kalaburagi,Chittapur,Karnataka,0.0,36.0,24.5,71,34,15,NW,2,Mainly clear sky with dry weather,IMD New Delhi & Meteorological Centre Bengaluru
2026-08-25,Kalaburagi,Chittapur,Karnataka,0.0,38.0,26.0,71,34,15,NW,2,Mainly clear sky with dry weather,IMD New Delhi & Meteorological Centre Bengaluru
2026-08-21,Kalaburagi,Jevargi,Karnataka,0.0,36.0,24.5,71,34,15,NW,2,Mainly clear sky with dry weather,IMD New Delhi & Meteorological Centre Bengaluru
2026-08-22,Kalaburagi,Jevargi,Karnataka,0.0,38.0,26.0,71,34,15,NW,2,Mainly clear sky with dry weather,IMD New Delhi & Meteorological Centre Bengaluru
2026-08-23,Kalaburagi,Jevargi,Karnataka,0.0,40.0,23.0,71,34,15,NW,2,Mainly clear sky with dry weather,IMD New Delhi & Meteorological Centre Bengaluru
2026-08-24,Kalaburagi,Jevargi,Karnataka,0.0,36.0,24.5,71,34,15,NW,2,Mainly clear sky with dry weather,IMD New Delhi & Meteorological Centre Bengaluru
2026-08-25,Kalaburagi,Jevargi,Karnataka,0.0,38.0,26.0,71,34,15,NW,2,Mainly clear sky with dry weather,IMD New Delhi & Meteorological Centre Bengaluru
2026-08-21,Kalaburagi,Kamalapur,Karnataka,0.0,36.0,24.5,71,34,15,NW,2,Mainly clear sky with dry weather,IMD New Delhi & Meteorological Centre Bengaluru
2026-08-22,Kalaburagi,Kamalapur,Karnataka,0.0,38.0,26.0,71,34,15,NW,2,Mainly clear sky with dry weather,IMD New Delhi & Meteorological Centre Bengaluru
2026-08-23,Kalaburagi,Kamalapur,Karnataka,0.0,40.0,23.0,71,34,15,NW,2,Mainly clear sky with dry weather,IMD New Delhi & Meteorological Centre Bengaluru
2026-08-24,Kalaburagi,Kamalapur,Karnataka,0.0,36.0,24.5,71,34,15,NW,2,Mainly clear sky with dry weather,IMD New Delhi & Meteorological Centre Bengaluru
2026-08-25,Kalaburagi,Kamalapur,Karnataka,0.0,38.0,26.0,71,34,15,NW,2,Mainly clear sky with dry weather,IMD New Delhi & Meteorological Centre Bengaluru
2026-08-21,Kalaburagi,Sedam,Karnataka,0.0,36.0,24.5,71,34,15,NW,2,Mainly clear sky with dry weather,IMD New Delhi & Meteorological Centre Bengaluru
2026-08-22,Kalaburagi,Sedam,Karnataka,0.0,38.0,26.0,71,34,15,NW,2,Mainly clear sky with dry weather,IMD New Delhi & Meteorological Centre Bengaluru
2026-08-23,Kalaburagi,Sedam,Karnataka,0.0,40.0,23.0,71,34,15,NW,2,Mainly clear sky with dry weather,IMD New Delhi & Meteorological Centre Bengaluru
2026-08-24,Kalaburagi,Sedam,Karnataka,0.0,36.0,24.5,71,34,15,NW,2,Mainly clear sky with dry weather,IMD New Delhi & Meteorological Centre Bengaluru
2026-08-25,Kalaburagi,Sedam,Karnataka,0.0,38.0,26.0,71,34,15,NW,2,Mainly clear sky with dry weather,IMD New Delhi & Meteorological Centre Bengaluru
2026-08-21,Kalaburagi,Shahabad,Karnataka,0.0,36.0,24.5,71,34,15,NW,2,Mainly clear sky with dry weather,IMD New Delhi & Meteorological Centre Bengaluru
2026-08-22,Kalaburagi,Shahabad,Karnataka,0.0,38.0,26.0,71,34,15,NW,2,Mainly clear sky with dry weather,IMD New Delhi & Meteorological Centre Bengaluru
2026-08-23,Kalaburagi,Shahabad,Karnataka,0.0,40.0,23.0,71,34,15,NW,2,Mainly clear sky with dry weather,IMD New Delhi & Meteorological Centre Bengaluru
2026-08-24,Kalaburagi,Shahabad,Karnataka,0.0,36.0,24.5,71,34,15,NW,2,Mainly clear sky with dry weather,IMD New Delhi & Meteorological Centre Bengaluru
2026-08-25,Kalaburagi,Shahabad,Karnataka,0.0,38.0,26.0,71,34,15,NW,2,Mainly clear sky with dry weather,IMD New Delhi & Meteorological Centre Bengaluru
2026-08-21,Kalaburagi,Yedrami,Karnataka,0.0,36.0,24.5,71,34,15,NW,2,Mainly clear sky with dry weather,IMD New Delhi & Meteorological Centre Bengaluru
2026-08-22,Kalaburagi,Yedrami,Karnataka,0.0,38.0,26.0,71,34,15,NW,2,Mainly clear sky with dry weather,IMD New Delhi & Meteorological Centre Bengaluru
2026-08-23,Kalaburagi,Yedrami,Karnataka,0.0,40.0,23.0,71,34,15,NW,2,Mainly clear sky with dry weather,IMD New Delhi & Meteorological Centre Bengaluru
2026-08-24,Kalaburagi,Yedrami,Karnataka,0.0,36.0,24.5,71,34,15,NW,2,Mainly clear sky with dry weather,IMD New Delhi & Meteorological Centre Bengaluru
2026-08-25,Kalaburagi,Yedrami,Karnataka,0.0,38.0,26.0,71,34,15,NW,2,Mainly clear sky with dry weather,IMD New Delhi & Meteorological Centre Bengaluru
2026-08-21,Kodagu,Madikeri,Karnataka,0.0,25.0,17.5,93,72,8,SW,5,Partly to mostly cloudy,IMD New Delhi & Meteorological Centre Bengaluru
2026-08-22,Kodagu,Madikeri,Karnataka,14.8,26.5,19.0,93,72,8,SW,7,Cloudy with moderate showers,IMD New Delhi & Meteorological Centre Bengaluru
2026-08-23,Kodagu,Madikeri,Karnataka,0.0,28.0,16.0,93,72,8,SW,5,Partly to mostly cloudy,IMD New Delhi & Meteorological Centre Bengaluru
2026-08-24,Kodagu,Madikeri,Karnataka,14.8,25.0,17.5,93,72,8,SW,7,Cloudy with moderate showers,IMD New Delhi & Meteorological Centre Bengaluru
2026-08-25,Kodagu,Madikeri,Karnataka,0.0,26.5,19.0,93,72,8,SW,5,Partly to mostly cloudy,IMD New Delhi & Meteorological Centre Bengaluru
2026-08-21,Kodagu,Somwarpet,Karnataka,0.0,25.0,17.5,93,72,8,SW,5,Partly to mostly cloudy,IMD New Delhi & Meteorological Centre Bengaluru
2026-08-22,Kodagu,Somwarpet,Karnataka,14.8,26.5,19.0,93,72,8,SW,7,Cloudy with moderate showers,IMD New Delhi & Meteorological Centre Bengaluru
2026-08-23,Kodagu,Somwarpet,Karnataka,0.0,28.0,16.0,93,72,8,SW,5,Partly to mostly cloudy,IMD New Delhi & Meteorological Centre Bengaluru
2026-08-24,Kodagu,Somwarpet,Karnataka,14.8,25.0,17.5,93,72,8,SW,7,Cloudy with moderate showers,IMD New Delhi & Meteorological Centre Bengaluru
2026-08-25,Kodagu,Somwarpet,Karnataka,0.0,26.5,19.0,93,72,8,SW,5,Partly to mostly cloudy,IMD New Delhi & Meteorological Centre Bengaluru
2026-08-21,Kodagu,Virajpet,Karnataka,0.0,25.0,17.5,93,72,8,SW,5,Partly to mostly cloudy,IMD New Delhi & Meteorological Centre Bengaluru
2026-08-22,Kodagu,Virajpet,Karnataka,14.8,26.5,19.0,93,72,8,SW,7,Cloudy with moderate showers,IMD New Delhi & Meteorological Centre Bengaluru
2026-08-23,Kodagu,Virajpet,Karnataka,0.0,28.0,16.0,93,72,8,SW,5,Partly to mostly cloudy,IMD New Delhi & Meteorological Centre Bengaluru
2026-08-24,Kodagu,Virajpet,Karnataka,14.8,25.0,17.5,93,72,8,SW,7,Cloudy with moderate showers,IMD New Delhi & Meteorological Centre Bengaluru
2026-08-25,Kodagu,Virajpet,Karnataka,0.0,26.5,19.0,93,72,8,SW,5,Partly to mostly cloudy,IMD New Delhi & Meteorological Centre Bengaluru
2026-08-21,Kodagu,Kushalnagar,Karnataka,0.0,25.0,17.5,93,72,8,SW,5,Partly to mostly cloudy,IMD New Delhi & Meteorological Centre Bengaluru
2026-08-22,Kodagu,Kushalnagar,Karnataka,14.8,26.5,19.0,93,72,8,SW,7,Cloudy with moderate showers,IMD New Delhi & Meteorological Centre Bengaluru
2026-08-23,Kodagu,Kushalnagar,Karnataka,0.0,28.0,16.0,93,72,8,SW,5,Partly to mostly cloudy,IMD New Delhi & Meteorological Centre Bengaluru
2026-08-24,Kodagu,Kushalnagar,Karnataka,14.8,25.0,17.5,93,72,8,SW,7,Cloudy with moderate showers,IMD New Delhi & Meteorological Centre Bengaluru
2026-08-25,Kodagu,Kushalnagar,Karnataka,0.0,26.5,19.0,93,72,8,SW,5,Partly to mostly cloudy,IMD New Delhi & Meteorological Centre Bengaluru
2026-08-21,Kodagu,Ponnampet,Karnataka,0.0,25.0,17.5,93,72,8,SW,5,Partly to mostly cloudy,IMD New Delhi & Meteorological Centre Bengaluru
2026-08-22,Kodagu,Ponnampet,Karnataka,14.8,26.5,19.0,93,72,8,SW,7,Cloudy with moderate showers,IMD New Delhi & Meteorological Centre Bengaluru
2026-08-23,Kodagu,Ponnampet,Karnataka,0.0,28.0,16.0,93,72,8,SW,5,Partly to mostly cloudy,IMD New Delhi & Meteorological Centre Bengaluru
2026-08-24,Kodagu,Ponnampet,Karnataka,14.8,25.0,17.5,93,72,8,SW,7,Cloudy with moderate showers,IMD New Delhi & Meteorological Centre Bengaluru
2026-08-25,Kodagu,Ponnampet,Karnataka,0.0,26.5,19.0,93,72,8,SW,5,Partly to mostly cloudy,IMD New Delhi & Meteorological Centre Bengaluru
2026-08-21,Kolar,Kolar,Karnataka,0.0,31.0,21.0,80,46,12,WNW,3,Mainly clear sky with dry weather,IMD New Delhi & Meteorological Centre Bengaluru
2026-08-22,Kolar,Kolar,Karnataka,0.0,32.5,22.0,80,46,12,WNW,3,Mainly clear sky with dry weather,IMD New Delhi & Meteorological Centre Bengaluru
2026-08-23,Kolar,Kolar,Karnataka,0.0,34.0,20.0,80,46,12,WNW,3,Mainly clear sky with dry weather,IMD New Delhi & Meteorological Centre Bengaluru
2026-08-24,Kolar,Kolar,Karnataka,0.0,31.0,21.0,80,46,12,WNW,3,Mainly clear sky with dry weather,IMD New Delhi & Meteorological Centre Bengaluru
2026-08-25,Kolar,Kolar,Karnataka,0.0,32.5,22.0,80,46,12,WNW,3,Mainly clear sky with dry weather,IMD New Delhi & Meteorological Centre Bengaluru
2026-08-21,Kolar,Bangarapet,Karnataka,0.0,31.0,21.0,80,46,12,WNW,3,Mainly clear sky with dry weather,IMD New Delhi & Meteorological Centre Bengaluru
2026-08-22,Kolar,Bangarapet,Karnataka,0.0,32.5,22.0,80,46,12,WNW,3,Mainly clear sky with dry weather,IMD New Delhi & Meteorological Centre Bengaluru
2026-08-23,Kolar,Bangarapet,Karnataka,0.0,34.0,20.0,80,46,12,WNW,3,Mainly clear sky with dry weather,IMD New Delhi & Meteorological Centre Bengaluru
2026-08-24,Kolar,Bangarapet,Karnataka,0.0,31.0,21.0,80,46,12,WNW,3,Mainly clear sky with dry weather,IMD New Delhi & Meteorological Centre Bengaluru
2026-08-25,Kolar,Bangarapet,Karnataka,0.0,32.5,22.0,80,46,12,WNW,3,Mainly clear sky with dry weather,IMD New Delhi & Meteorological Centre Bengaluru
2026-08-21,Kolar,KGF,Karnataka,0.0,31.0,21.0,80,46,12,WNW,3,Mainly clear sky with dry weather,IMD New Delhi & Meteorological Centre Bengaluru
2026-08-22,Kolar,KGF,Karnataka,0.0,32.5,22.0,80,46,12,WNW,3,Mainly clear sky with dry weather,IMD New Delhi & Meteorological Centre Bengaluru
2026-08-23,Kolar,KGF,Karnataka,0.0,34.0,20.0,80,46,12,WNW,3,Mainly clear sky with dry weather,IMD New Delhi & Meteorological Centre Bengaluru
2026-08-24,Kolar,KGF,Karnataka,0.0,31.0,21.0,80,46,12,WNW,3,Mainly clear sky with dry weather,IMD New Delhi & Meteorological Centre Bengaluru
2026-08-25,Kolar,KGF,Karnataka,0.0,32.5,22.0,80,46,12,WNW,3,Mainly clear sky with dry weather,IMD New Delhi & Meteorological Centre Bengaluru
2026-08-21,Kolar,Malur,Karnataka,0.0,31.0,21.0,80,46,12,WNW,3,Mainly clear sky with dry weather,IMD New Delhi & Meteorological Centre Bengaluru
2026-08-22,Kolar,Malur,Karnataka,0.0,32.5,22.0,80,46,12,WNW,3,Mainly clear sky with dry weather,IMD New Delhi & Meteorological Centre Bengaluru
2026-08-23,Kolar,Malur,Karnataka,0.0,34.0,20.0,80,46,12,WNW,3,Mainly clear sky with dry weather,IMD New Delhi & Meteorological Centre Bengaluru
2026-08-24,Kolar,Malur,Karnataka,0.0,31.0,21.0,80,46,12,WNW,3,Mainly clear sky with dry weather,IMD New Delhi & Meteorological Centre Bengaluru
2026-08-25,Kolar,Malur,Karnataka,0.0,32.5,22.0,80,46,12,WNW,3,Mainly clear sky with dry weather,IMD New Delhi & Meteorological Centre Bengaluru
2026-08-21,Kolar,Mulbagal,Karnataka,0.0,31.0,21.0,80,46,12,WNW,3,Mainly clear sky with dry weather,IMD New Delhi & Meteorological Centre Bengaluru
2026-08-22,Kolar,Mulbagal,Karnataka,0.0,32.5,22.0,80,46,12,WNW,3,Mainly clear sky with dry weather,IMD New Delhi & Meteorological Centre Bengaluru
2026-08-23,Kolar,Mulbagal,Karnataka,0.0,34.0,20.0,80,46,12,WNW,3,Mainly clear sky with dry weather,IMD New Delhi & Meteorological Centre Bengaluru
2026-08-24,Kolar,Mulbagal,Karnataka,0.0,31.0,21.0,80,46,12,WNW,3,Mainly clear sky with dry weather,IMD New Delhi & Meteorological Centre Bengaluru
2026-08-25,Kolar,Mulbagal,Karnataka,0.0,32.5,22.0,80,46,12,WNW,3,Mainly clear sky with dry weather,IMD New Delhi & Meteorological Centre Bengaluru
2026-08-21,Kolar,Srinivaspur,Karnataka,0.0,31.0,21.0,80,46,12,WNW,3,Mainly clear sky with dry weather,IMD New Delhi & Meteorological Centre Bengaluru
2026-08-22,Kolar,Srinivaspur,Karnataka,0.0,32.5,22.0,80,46,12,WNW,3,Mainly clear sky with dry weather,IMD New Delhi & Meteorological Centre Bengaluru
2026-08-23,Kolar,Srinivaspur,Karnataka,0.0,34.0,20.0,80,46,12,WNW,3,Mainly clear sky with dry weather,IMD New Delhi & Meteorological Centre Bengaluru
2026-08-24,Kolar,Srinivaspur,Karnataka,0.0,31.0,21.0,80,46,12,WNW,3,Mainly clear sky with dry weather,IMD New Delhi & Meteorological Centre Bengaluru
2026-08-25,Kolar,Srinivaspur,Karnataka,0.0,32.5,22.0,80,46,12,WNW,3,Mainly clear sky with dry weather,IMD New Delhi & Meteorological Centre Bengaluru
2026-08-21,Koppal,Koppal,Karnataka,0.0,34.0,23.0,76,41,15,WNW,2,Mainly clear sky with dry weather,IMD New Delhi & Meteorological Centre Bengaluru
2026-08-22,Koppal,Koppal,Karnataka,0.0,35.5,24.0,76,41,15,WNW,2,Mainly clear sky with dry weather,IMD New Delhi & Meteorological Centre Bengaluru
2026-08-23,Koppal,Koppal,Karnataka,0.0,37.0,22.0,76,41,15,WNW,2,Mainly clear sky with dry weather,IMD New Delhi & Meteorological Centre Bengaluru
2026-08-24,Koppal,Koppal,Karnataka,0.0,34.0,23.0,76,41,15,WNW,2,Mainly clear sky with dry weather,IMD New Delhi & Meteorological Centre Bengaluru
2026-08-25,Koppal,Koppal,Karnataka,0.0,35.5,24.0,76,41,15,WNW,2,Mainly clear sky with dry weather,IMD New Delhi & Meteorological Centre Bengaluru
2026-08-21,Koppal,Gangavathi,Karnataka,0.0,34.0,23.0,76,41,15,WNW,2,Mainly clear sky with dry weather,IMD New Delhi & Meteorological Centre Bengaluru
2026-08-22,Koppal,Gangavathi,Karnataka,0.0,35.5,24.0,76,41,15,WNW,2,Mainly clear sky with dry weather,IMD New Delhi & Meteorological Centre Bengaluru
2026-08-23,Koppal,Gangavathi,Karnataka,0.0,37.0,22.0,76,41,15,WNW,2,Mainly clear sky with dry weather,IMD New Delhi & Meteorological Centre Bengaluru
2026-08-24,Koppal,Gangavathi,Karnataka,0.0,34.0,23.0,76,41,15,WNW,2,Mainly clear sky with dry weather,IMD New Delhi & Meteorological Centre Bengaluru
2026-08-25,Koppal,Gangavathi,Karnataka,0.0,35.5,24.0,76,41,15,WNW,2,Mainly clear sky with dry weather,IMD New Delhi & Meteorological Centre Bengaluru
2026-08-21,Koppal,Kushtagi,Karnataka,0.0,34.0,23.0,76,41,15,WNW,2,Mainly clear sky with dry weather,IMD New Delhi & Meteorological Centre Bengaluru
2026-08-22,Koppal,Kushtagi,Karnataka,0.0,35.5,24.0,76,41,15,WNW,2,Mainly clear sky with dry weather,IMD New Delhi & Meteorological Centre Bengaluru
2026-08-23,Koppal,Kushtagi,Karnataka,0.0,37.0,22.0,76,41,15,WNW,2,Mainly clear sky with dry weather,IMD New Delhi & Meteorological Centre Bengaluru
2026-08-24,Koppal,Kushtagi,Karnataka,0.0,34.0,23.0,76,41,15,WNW,2,Mainly clear sky with dry weather,IMD New Delhi & Meteorological Centre Bengaluru
2026-08-25,Koppal,Kushtagi,Karnataka,0.0,35.5,24.0,76,41,15,WNW,2,Mainly clear sky with dry weather,IMD New Delhi & Meteorological Centre Bengaluru
2026-08-21,Koppal,Yelburga,Karnataka,0.0,34.0,23.0,76,41,15,WNW,2,Mainly clear sky with dry weather,IMD New Delhi & Meteorological Centre Bengaluru
2026-08-22,Koppal,Yelburga,Karnataka,0.0,35.5,24.0,76,41,15,WNW,2,Mainly clear sky with dry weather,IMD New Delhi & Meteorological Centre Bengaluru
2026-08-23,Koppal,Yelburga,Karnataka,0.0,37.0,22.0,76,41,15,WNW,2,Mainly clear sky with dry weather,IMD New Delhi & Meteorological Centre Bengaluru
2026-08-24,Koppal,Yelburga,Karnataka,0.0,34.0,23.0,76,41,15,WNW,2,Mainly clear sky with dry weather,IMD New Delhi & Meteorological Centre Bengaluru
2026-08-25,Koppal,Yelburga,Karnataka,0.0,35.5,24.0,76,41,15,WNW,2,Mainly clear sky with dry weather,IMD New Delhi & Meteorological Centre Bengaluru
2026-08-21,Koppal,Kanakagiri,Karnataka,0.0,34.0,23.0,76,41,15,WNW,2,Mainly clear sky with dry weather,IMD New Delhi & Meteorological Centre Bengaluru
2026-08-22,Koppal,Kanakagiri,Karnataka,0.0,35.5,24.0,76,41,15,WNW,2,Mainly clear sky with dry weather,IMD New Delhi & Meteorological Centre Bengaluru
2026-08-23,Koppal,Kanakagiri,Karnataka,0.0,37.0,22.0,76,41,15,WNW,2,Mainly clear sky with dry weather,IMD New Delhi & Meteorological Centre Bengaluru
2026-08-24,Koppal,Kanakagiri,Karnataka,0.0,34.0,23.0,76,41,15,WNW,2,Mainly clear sky with dry weather,IMD New Delhi & Meteorological Centre Bengaluru
2026-08-25,Koppal,Kanakagiri,Karnataka,0.0,35.5,24.0,76,41,15,WNW,2,Mainly clear sky with dry weather,IMD New Delhi & Meteorological Centre Bengaluru
2026-08-21,Koppal,Karatagi,Karnataka,0.0,34.0,23.0,76,41,15,WNW,2,Mainly clear sky with dry weather,IMD New Delhi & Meteorological Centre Bengaluru
2026-08-22,Koppal,Karatagi,Karnataka,0.0,35.5,24.0,76,41,15,WNW,2,Mainly clear sky with dry weather,IMD New Delhi & Meteorological Centre Bengaluru
2026-08-23,Koppal,Karatagi,Karnataka,0.0,37.0,22.0,76,41,15,WNW,2,Mainly clear sky with dry weather,IMD New Delhi & Meteorological Centre Bengaluru
2026-08-24,Koppal,Karatagi,Karnataka,0.0,34.0,23.0,76,41,15,WNW,2,Mainly clear sky with dry weather,IMD New Delhi & Meteorological Centre Bengaluru
2026-08-25,Koppal,Karatagi,Karnataka,0.0,35.5,24.0,76,41,15,WNW,2,Mainly clear sky with dry weather,IMD New Delhi & Meteorological Centre Bengaluru
2026-08-21,Koppal,Kukanoor,Karnataka,0.0,34.0,23.0,76,41,15,WNW,2,Mainly clear sky with dry weather,IMD New Delhi & Meteorological Centre Bengaluru
2026-08-22,Koppal,Kukanoor,Karnataka,0.0,35.5,24.0,76,41,15,WNW,2,Mainly clear sky with dry weather,IMD New Delhi & Meteorological Centre Bengaluru
2026-08-23,Koppal,Kukanoor,Karnataka,0.0,37.0,22.0,76,41,15,WNW,2,Mainly clear sky with dry weather,IMD New Delhi & Meteorological Centre Bengaluru
2026-08-24,Koppal,Kukanoor,Karnataka,0.0,34.0,23.0,76,41,15,WNW,2,Mainly clear sky with dry weather,IMD New Delhi & Meteorological Centre Bengaluru
2026-08-25,Koppal,Kukanoor,Karnataka,0.0,35.5,24.0,76,41,15,WNW,2,Mainly clear sky with dry weather,IMD New Delhi & Meteorological Centre Bengaluru
2026-08-21,Mandya,Mandya,Karnataka,0.0,31.0,21.0,84,51,11,W,3,Mainly clear sky with dry weather,IMD New Delhi & Meteorological Centre Bengaluru
2026-08-22,Mandya,Mandya,Karnataka,4.2,32.5,22.0,84,51,11,W,5,Partly cloudy with light rain,IMD New Delhi & Meteorological Centre Bengaluru
2026-08-23,Mandya,Mandya,Karnataka,0.0,34.0,20.0,84,51,11,W,3,Mainly clear sky with dry weather,IMD New Delhi & Meteorological Centre Bengaluru
2026-08-24,Mandya,Mandya,Karnataka,4.2,31.0,21.0,84,51,11,W,5,Partly cloudy with light rain,IMD New Delhi & Meteorological Centre Bengaluru
2026-08-25,Mandya,Mandya,Karnataka,0.0,32.5,22.0,84,51,11,W,3,Mainly clear sky with dry weather,IMD New Delhi & Meteorological Centre Bengaluru
2026-08-21,Mandya,Krishnarajpet,Karnataka,0.0,31.0,21.0,84,51,11,W,3,Mainly clear sky with dry weather,IMD New Delhi & Meteorological Centre Bengaluru
2026-08-22,Mandya,Krishnarajpet,Karnataka,4.2,32.5,22.0,84,51,11,W,5,Partly cloudy with light rain,IMD New Delhi & Meteorological Centre Bengaluru
2026-08-23,Mandya,Krishnarajpet,Karnataka,0.0,34.0,20.0,84,51,11,W,3,Mainly clear sky with dry weather,IMD New Delhi & Meteorological Centre Bengaluru
2026-08-24,Mandya,Krishnarajpet,Karnataka,4.2,31.0,21.0,84,51,11,W,5,Partly cloudy with light rain,IMD New Delhi & Meteorological Centre Bengaluru
2026-08-25,Mandya,Krishnarajpet,Karnataka,0.0,32.5,22.0,84,51,11,W,3,Mainly clear sky with dry weather,IMD New Delhi & Meteorological Centre Bengaluru
2026-08-21,Mandya,Maddur,Karnataka,0.0,31.0,21.0,84,51,11,W,3,Mainly clear sky with dry weather,IMD New Delhi & Meteorological Centre Bengaluru
2026-08-22,Mandya,Maddur,Karnataka,4.2,32.5,22.0,84,51,11,W,5,Partly cloudy with light rain,IMD New Delhi & Meteorological Centre Bengaluru
2026-08-23,Mandya,Maddur,Karnataka,0.0,34.0,20.0,84,51,11,W,3,Mainly clear sky with dry weather,IMD New Delhi & Meteorological Centre Bengaluru
2026-08-24,Mandya,Maddur,Karnataka,4.2,31.0,21.0,84,51,11,W,5,Partly cloudy with light rain,IMD New Delhi & Meteorological Centre Bengaluru
2026-08-25,Mandya,Maddur,Karnataka,0.0,32.5,22.0,84,51,11,W,3,Mainly clear sky with dry weather,IMD New Delhi & Meteorological Centre Bengaluru
2026-08-21,Mandya,Malavalli,Karnataka,0.0,31.0,21.0,84,51,11,W,3,Mainly clear sky with dry weather,IMD New Delhi & Meteorological Centre Bengaluru
2026-08-22,Mandya,Malavalli,Karnataka,4.2,32.5,22.0,84,51,11,W,5,Partly cloudy with light rain,IMD New Delhi & Meteorological Centre Bengaluru
2026-08-23,Mandya,Malavalli,Karnataka,0.0,34.0,20.0,84,51,11,W,3,Mainly clear sky with dry weather,IMD New Delhi & Meteorological Centre Bengaluru
2026-08-24,Mandya,Malavalli,Karnataka,4.2,31.0,21.0,84,51,11,W,5,Partly cloudy with light rain,IMD New Delhi & Meteorological Centre Bengaluru
2026-08-25,Mandya,Malavalli,Karnataka,0.0,32.5,22.0,84,51,11,W,3,Mainly clear sky with dry weather,IMD New Delhi & Meteorological Centre Bengaluru
2026-08-21,Mandya,Nagamangala,Karnataka,0.0,31.0,21.0,84,51,11,W,3,Mainly clear sky with dry weather,IMD New Delhi & Meteorological Centre Bengaluru
2026-08-22,Mandya,Nagamangala,Karnataka,4.2,32.5,22.0,84,51,11,W,5,Partly cloudy with light rain,IMD New Delhi & Meteorological Centre Bengaluru
2026-08-23,Mandya,Nagamangala,Karnataka,0.0,34.0,20.0,84,51,11,W,3,Mainly clear sky with dry weather,IMD New Delhi & Meteorological Centre Bengaluru
2026-08-24,Mandya,Nagamangala,Karnataka,4.2,31.0,21.0,84,51,11,W,5,Partly cloudy with light rain,IMD New Delhi & Meteorological Centre Bengaluru
2026-08-25,Mandya,Nagamangala,Karnataka,0.0,32.5,22.0,84,51,11,W,3,Mainly clear sky with dry weather,IMD New Delhi & Meteorological Centre Bengaluru
2026-08-21,Mandya,Pandavapura,Karnataka,0.0,31.0,21.0,84,51,11,W,3,Mainly clear sky with dry weather,IMD New Delhi & Meteorological Centre Bengaluru
2026-08-22,Mandya,Pandavapura,Karnataka,4.2,32.5,22.0,84,51,11,W,5,Partly cloudy with light rain,IMD New Delhi & Meteorological Centre Bengaluru
2026-08-23,Mandya,Pandavapura,Karnataka,0.0,34.0,20.0,84,51,11,W,3,Mainly clear sky with dry weather,IMD New Delhi & Meteorological Centre Bengaluru
2026-08-24,Mandya,Pandavapura,Karnataka,4.2,31.0,21.0,84,51,11,W,5,Partly cloudy with light rain,IMD New Delhi & Meteorological Centre Bengaluru
2026-08-25,Mandya,Pandavapura,Karnataka,0.0,32.5,22.0,84,51,11,W,3,Mainly clear sky with dry weather,IMD New Delhi & Meteorological Centre Bengaluru
2026-08-21,Mandya,Srirangapatna,Karnataka,0.0,31.0,21.0,84,51,11,W,3,Mainly clear sky with dry weather,IMD New Delhi & Meteorological Centre Bengaluru
2026-08-22,Mandya,Srirangapatna,Karnataka,4.2,32.5,22.0,84,51,11,W,5,Partly cloudy with light rain,IMD New Delhi & Meteorological Centre Bengaluru
2026-08-23,Mandya,Srirangapatna,Karnataka,0.0,34.0,20.0,84,51,11,W,3,Mainly clear sky with dry weather,IMD New Delhi & Meteorological Centre Bengaluru
2026-08-24,Mandya,Srirangapatna,Karnataka,4.2,31.0,21.0,84,51,11,W,5,Partly cloudy with light rain,IMD New Delhi & Meteorological Centre Bengaluru
2026-08-25,Mandya,Srirangapatna,Karnataka,0.0,32.5,22.0,84,51,11,W,3,Mainly clear sky with dry weather,IMD New Delhi & Meteorological Centre Bengaluru
2026-08-21,Mysuru,Mysuru,Karnataka,0.0,30.0,21.0,86,55,10,WSW,3,Mainly clear sky with dry weather,IMD New Delhi & Meteorological Centre Bengaluru
2026-08-22,Mysuru,Mysuru,Karnataka,5.8,31.5,22.0,86,55,10,WSW,6,Partly cloudy with light rain,IMD New Delhi & Meteorological Centre Bengaluru
2026-08-23,Mysuru,Mysuru,Karnataka,0.0,33.0,20.0,86,55,10,WSW,3,Mainly clear sky with dry weather,IMD New Delhi & Meteorological Centre Bengaluru
2026-08-24,Mysuru,Mysuru,Karnataka,5.8,30.0,21.0,86,55,10,WSW,6,Partly cloudy with light rain,IMD New Delhi & Meteorological Centre Bengaluru
2026-08-25,Mysuru,Mysuru,Karnataka,0.0,31.5,22.0,86,55,10,WSW,3,Mainly clear sky with dry weather,IMD New Delhi & Meteorological Centre Bengaluru
2026-08-21,Mysuru,Hunsur,Karnataka,0.0,30.0,21.0,86,55,10,WSW,3,Mainly clear sky with dry weather,IMD New Delhi & Meteorological Centre Bengaluru
2026-08-22,Mysuru,Hunsur,Karnataka,5.8,31.5,22.0,86,55,10,WSW,6,Partly cloudy with light rain,IMD New Delhi & Meteorological Centre Bengaluru
2026-08-23,Mysuru,Hunsur,Karnataka,0.0,33.0,20.0,86,55,10,WSW,3,Mainly clear sky with dry weather,IMD New Delhi & Meteorological Centre Bengaluru
2026-08-24,Mysuru,Hunsur,Karnataka,5.8,30.0,21.0,86,55,10,WSW,6,Partly cloudy with light rain,IMD New Delhi & Meteorological Centre Bengaluru
2026-08-25,Mysuru,Hunsur,Karnataka,0.0,31.5,22.0,86,55,10,WSW,3,Mainly clear sky with dry weather,IMD New Delhi & Meteorological Centre Bengaluru
2026-08-21,Mysuru,KR Nagar,Karnataka,0.0,30.0,21.0,86,55,10,WSW,3,Mainly clear sky with dry weather,IMD New Delhi & Meteorological Centre Bengaluru
2026-08-22,Mysuru,KR Nagar,Karnataka,5.8,31.5,22.0,86,55,10,WSW,6,Partly cloudy with light rain,IMD New Delhi & Meteorological Centre Bengaluru
2026-08-23,Mysuru,KR Nagar,Karnataka,0.0,33.0,20.0,86,55,10,WSW,3,Mainly clear sky with dry weather,IMD New Delhi & Meteorological Centre Bengaluru
2026-08-24,Mysuru,KR Nagar,Karnataka,5.8,30.0,21.0,86,55,10,WSW,6,Partly cloudy with light rain,IMD New Delhi & Meteorological Centre Bengaluru
2026-08-25,Mysuru,KR Nagar,Karnataka,0.0,31.5,22.0,86,55,10,WSW,3,Mainly clear sky with dry weather,IMD New Delhi & Meteorological Centre Bengaluru
2026-08-21,Mysuru,Nanjangud,Karnataka,0.0,30.0,21.0,86,55,10,WSW,3,Mainly clear sky with dry weather,IMD New Delhi & Meteorological Centre Bengaluru
2026-08-22,Mysuru,Nanjangud,Karnataka,5.8,31.5,22.0,86,55,10,WSW,6,Partly cloudy with light rain,IMD New Delhi & Meteorological Centre Bengaluru
2026-08-23,Mysuru,Nanjangud,Karnataka,0.0,33.0,20.0,86,55,10,WSW,3,Mainly clear sky with dry weather,IMD New Delhi & Meteorological Centre Bengaluru
2026-08-24,Mysuru,Nanjangud,Karnataka,5.8,30.0,21.0,86,55,10,WSW,6,Partly cloudy with light rain,IMD New Delhi & Meteorological Centre Bengaluru
2026-08-25,Mysuru,Nanjangud,Karnataka,0.0,31.5,22.0,86,55,10,WSW,3,Mainly clear sky with dry weather,IMD New Delhi & Meteorological Centre Bengaluru
2026-08-21,Mysuru,Piriyapatna,Karnataka,0.0,30.0,21.0,86,55,10,WSW,3,Mainly clear sky with dry weather,IMD New Delhi & Meteorological Centre Bengaluru
2026-08-22,Mysuru,Piriyapatna,Karnataka,5.8,31.5,22.0,86,55,10,WSW,6,Partly cloudy with light rain,IMD New Delhi & Meteorological Centre Bengaluru
2026-08-23,Mysuru,Piriyapatna,Karnataka,0.0,33.0,20.0,86,55,10,WSW,3,Mainly clear sky with dry weather,IMD New Delhi & Meteorological Centre Bengaluru
2026-08-24,Mysuru,Piriyapatna,Karnataka,5.8,30.0,21.0,86,55,10,WSW,6,Partly cloudy with light rain,IMD New Delhi & Meteorological Centre Bengaluru
2026-08-25,Mysuru,Piriyapatna,Karnataka,0.0,31.5,22.0,86,55,10,WSW,3,Mainly clear sky with dry weather,IMD New Delhi & Meteorological Centre Bengaluru
2026-08-21,Mysuru,Saragur,Karnataka,0.0,30.0,21.0,86,55,10,WSW,3,Mainly clear sky with dry weather,IMD New Delhi & Meteorological Centre Bengaluru
2026-08-22,Mysuru,Saragur,Karnataka,5.8,31.5,22.0,86,55,10,WSW,6,Partly cloudy with light rain,IMD New Delhi & Meteorological Centre Bengaluru
2026-08-23,Mysuru,Saragur,Karnataka,0.0,33.0,20.0,86,55,10,WSW,3,Mainly clear sky with dry weather,IMD New Delhi & Meteorological Centre Bengaluru
2026-08-24,Mysuru,Saragur,Karnataka,5.8,30.0,21.0,86,55,10,WSW,6,Partly cloudy with light rain,IMD New Delhi & Meteorological Centre Bengaluru
2026-08-25,Mysuru,Saragur,Karnataka,0.0,31.5,22.0,86,55,10,WSW,3,Mainly clear sky with dry weather,IMD New Delhi & Meteorological Centre Bengaluru
2026-08-21,Mysuru,T. Narasipura,Karnataka,0.0,30.0,21.0,86,55,10,WSW,3,Mainly clear sky with dry weather,IMD New Delhi & Meteorological Centre Bengaluru
2026-08-22,Mysuru,T. Narasipura,Karnataka,5.8,31.5,22.0,86,55,10,WSW,6,Partly cloudy with light rain,IMD New Delhi & Meteorological Centre Bengaluru
2026-08-23,Mysuru,T. Narasipura,Karnataka,0.0,33.0,20.0,86,55,10,WSW,3,Mainly clear sky with dry weather,IMD New Delhi & Meteorological Centre Bengaluru
2026-08-24,Mysuru,T. Narasipura,Karnataka,5.8,30.0,21.0,86,55,10,WSW,6,Partly cloudy with light rain,IMD New Delhi & Meteorological Centre Bengaluru
2026-08-25,Mysuru,T. Narasipura,Karnataka,0.0,31.5,22.0,86,55,10,WSW,3,Mainly clear sky with dry weather,IMD New Delhi & Meteorological Centre Bengaluru
2026-08-21,Mysuru,HD Kote,Karnataka,0.0,30.0,21.0,86,55,10,WSW,3,Mainly clear sky with dry weather,IMD New Delhi & Meteorological Centre Bengaluru
2026-08-22,Mysuru,HD Kote,Karnataka,5.8,31.5,22.0,86,55,10,WSW,6,Partly cloudy with light rain,IMD New Delhi & Meteorological Centre Bengaluru
2026-08-23,Mysuru,HD Kote,Karnataka,0.0,33.0,20.0,86,55,10,WSW,3,Mainly clear sky with dry weather,IMD New Delhi & Meteorological Centre Bengaluru
2026-08-24,Mysuru,HD Kote,Karnataka,5.8,30.0,21.0,86,55,10,WSW,6,Partly cloudy with light rain,IMD New Delhi & Meteorological Centre Bengaluru
2026-08-25,Mysuru,HD Kote,Karnataka,0.0,31.5,22.0,86,55,10,WSW,3,Mainly clear sky with dry weather,IMD New Delhi & Meteorological Centre Bengaluru
2026-08-21,Raichur,Raichur,Karnataka,0.0,36.0,24.0,74,38,14,WNW,2,Mainly clear sky with dry weather,IMD New Delhi & Meteorological Centre Bengaluru
2026-08-22,Raichur,Raichur,Karnataka,0.0,37.5,25.0,74,38,14,WNW,2,Mainly clear sky with dry weather,IMD New Delhi & Meteorological Centre Bengaluru
2026-08-23,Raichur,Raichur,Karnataka,0.0,39.0,23.0,74,38,14,WNW,2,Mainly clear sky with dry weather,IMD New Delhi & Meteorological Centre Bengaluru
2026-08-24,Raichur,Raichur,Karnataka,0.0,36.0,24.0,74,38,14,WNW,2,Mainly clear sky with dry weather,IMD New Delhi & Meteorological Centre Bengaluru
2026-08-25,Raichur,Raichur,Karnataka,0.0,37.5,25.0,74,38,14,WNW,2,Mainly clear sky with dry weather,IMD New Delhi & Meteorological Centre Bengaluru
2026-08-21,Raichur,Devadurga,Karnataka,0.0,36.0,24.0,74,38,14,WNW,2,Mainly clear sky with dry weather,IMD New Delhi & Meteorological Centre Bengaluru
2026-08-22,Raichur,Devadurga,Karnataka,0.0,37.5,25.0,74,38,14,WNW,2,Mainly clear sky with dry weather,IMD New Delhi & Meteorological Centre Bengaluru
2026-08-23,Raichur,Devadurga,Karnataka,0.0,39.0,23.0,74,38,14,WNW,2,Mainly clear sky with dry weather,IMD New Delhi & Meteorological Centre Bengaluru
2026-08-24,Raichur,Devadurga,Karnataka,0.0,36.0,24.0,74,38,14,WNW,2,Mainly clear sky with dry weather,IMD New Delhi & Meteorological Centre Bengaluru
2026-08-25,Raichur,Devadurga,Karnataka,0.0,37.5,25.0,74,38,14,WNW,2,Mainly clear sky with dry weather,IMD New Delhi & Meteorological Centre Bengaluru
2026-08-21,Raichur,Lingsugur,Karnataka,0.0,36.0,24.0,74,38,14,WNW,2,Mainly clear sky with dry weather,IMD New Delhi & Meteorological Centre Bengaluru
2026-08-22,Raichur,Lingsugur,Karnataka,0.0,37.5,25.0,74,38,14,WNW,2,Mainly clear sky with dry weather,IMD New Delhi & Meteorological Centre Bengaluru
2026-08-23,Raichur,Lingsugur,Karnataka,0.0,39.0,23.0,74,38,14,WNW,2,Mainly clear sky with dry weather,IMD New Delhi & Meteorological Centre Bengaluru
2026-08-24,Raichur,Lingsugur,Karnataka,0.0,36.0,24.0,74,38,14,WNW,2,Mainly clear sky with dry weather,IMD New Delhi & Meteorological Centre Bengaluru
2026-08-25,Raichur,Lingsugur,Karnataka,0.0,37.5,25.0,74,38,14,WNW,2,Mainly clear sky with dry weather,IMD New Delhi & Meteorological Centre Bengaluru
2026-08-21,Raichur,Manvi,Karnataka,0.0,36.0,24.0,74,38,14,WNW,2,Mainly clear sky with dry weather,IMD New Delhi & Meteorological Centre Bengaluru
2026-08-22,Raichur,Manvi,Karnataka,0.0,37.5,25.0,74,38,14,WNW,2,Mainly clear sky with dry weather,IMD New Delhi & Meteorological Centre Bengaluru
2026-08-23,Raichur,Manvi,Karnataka,0.0,39.0,23.0,74,38,14,WNW,2,Mainly clear sky with dry weather,IMD New Delhi & Meteorological Centre Bengaluru
2026-08-24,Raichur,Manvi,Karnataka,0.0,36.0,24.0,74,38,14,WNW,2,Mainly clear sky with dry weather,IMD New Delhi & Meteorological Centre Bengaluru
2026-08-25,Raichur,Manvi,Karnataka,0.0,37.5,25.0,74,38,14,WNW,2,Mainly clear sky with dry weather,IMD New Delhi & Meteorological Centre Bengaluru
2026-08-21,Raichur,Maski,Karnataka,0.0,36.0,24.0,74,38,14,WNW,2,Mainly clear sky with dry weather,IMD New Delhi & Meteorological Centre Bengaluru
2026-08-22,Raichur,Maski,Karnataka,0.0,37.5,25.0,74,38,14,WNW,2,Mainly clear sky with dry weather,IMD New Delhi & Meteorological Centre Bengaluru
2026-08-23,Raichur,Maski,Karnataka,0.0,39.0,23.0,74,38,14,WNW,2,Mainly clear sky with dry weather,IMD New Delhi & Meteorological Centre Bengaluru
2026-08-24,Raichur,Maski,Karnataka,0.0,36.0,24.0,74,38,14,WNW,2,Mainly clear sky with dry weather,IMD New Delhi & Meteorological Centre Bengaluru
2026-08-25,Raichur,Maski,Karnataka,0.0,37.5,25.0,74,38,14,WNW,2,Mainly clear sky with dry weather,IMD New Delhi & Meteorological Centre Bengaluru
2026-08-21,Raichur,Sindhanur,Karnataka,0.0,36.0,24.0,74,38,14,WNW,2,Mainly clear sky with dry weather,IMD New Delhi & Meteorological Centre Bengaluru
2026-08-22,Raichur,Sindhanur,Karnataka,0.0,37.5,25.0,74,38,14,WNW,2,Mainly clear sky with dry weather,IMD New Delhi & Meteorological Centre Bengaluru
2026-08-23,Raichur,Sindhanur,Karnataka,0.0,39.0,23.0,74,38,14,WNW,2,Mainly clear sky with dry weather,IMD New Delhi & Meteorological Centre Bengaluru
2026-08-24,Raichur,Sindhanur,Karnataka,0.0,36.0,24.0,74,38,14,WNW,2,Mainly clear sky with dry weather,IMD New Delhi & Meteorological Centre Bengaluru
2026-08-25,Raichur,Sindhanur,Karnataka,0.0,37.5,25.0,74,38,14,WNW,2,Mainly clear sky with dry weather,IMD New Delhi & Meteorological Centre Bengaluru
2026-08-21,Raichur,Sirwar,Karnataka,0.0,36.0,24.0,74,38,14,WNW,2,Mainly clear sky with dry weather,IMD New Delhi & Meteorological Centre Bengaluru
2026-08-22,Raichur,Sirwar,Karnataka,0.0,37.5,25.0,74,38,14,WNW,2,Mainly clear sky with dry weather,IMD New Delhi & Meteorological Centre Bengaluru
2026-08-23,Raichur,Sirwar,Karnataka,0.0,39.0,23.0,74,38,14,WNW,2,Mainly clear sky with dry weather,IMD New Delhi & Meteorological Centre Bengaluru
2026-08-24,Raichur,Sirwar,Karnataka,0.0,36.0,24.0,74,38,14,WNW,2,Mainly clear sky with dry weather,IMD New Delhi & Meteorological Centre Bengaluru
2026-08-25,Raichur,Sirwar,Karnataka,0.0,37.5,25.0,74,38,14,WNW,2,Mainly clear sky with dry weather,IMD New Delhi & Meteorological Centre Bengaluru
2026-08-21,Ramanagara,Ramanagara,Karnataka,0.0,30.0,21.0,84,51,11,W,3,Mainly clear sky with dry weather,IMD New Delhi & Meteorological Centre Bengaluru
2026-08-22,Ramanagara,Ramanagara,Karnataka,4.2,31.5,22.0,84,51,11,W,5,Partly cloudy with light rain,IMD New Delhi & Meteorological Centre Bengaluru
2026-08-23,Ramanagara,Ramanagara,Karnataka,0.0,33.0,20.0,84,51,11,W,3,Mainly clear sky with dry weather,IMD New Delhi & Meteorological Centre Bengaluru
2026-08-24,Ramanagara,Ramanagara,Karnataka,4.2,30.0,21.0,84,51,11,W,5,Partly cloudy with light rain,IMD New Delhi & Meteorological Centre Bengaluru
2026-08-25,Ramanagara,Ramanagara,Karnataka,0.0,31.5,22.0,84,51,11,W,3,Mainly clear sky with dry weather,IMD New Delhi & Meteorological Centre Bengaluru
2026-08-21,Ramanagara,Channapatna,Karnataka,0.0,30.0,21.0,84,51,11,W,3,Mainly clear sky with dry weather,IMD New Delhi & Meteorological Centre Bengaluru
2026-08-22,Ramanagara,Channapatna,Karnataka,4.2,31.5,22.0,84,51,11,W,5,Partly cloudy with light rain,IMD New Delhi & Meteorological Centre Bengaluru
2026-08-23,Ramanagara,Channapatna,Karnataka,0.0,33.0,20.0,84,51,11,W,3,Mainly clear sky with dry weather,IMD New Delhi & Meteorological Centre Bengaluru
2026-08-24,Ramanagara,Channapatna,Karnataka,4.2,30.0,21.0,84,51,11,W,5,Partly cloudy with light rain,IMD New Delhi & Meteorological Centre Bengaluru
2026-08-25,Ramanagara,Channapatna,Karnataka,0.0,31.5,22.0,84,51,11,W,3,Mainly clear sky with dry weather,IMD New Delhi & Meteorological Centre Bengaluru
2026-08-21,Ramanagara,Harohalli,Karnataka,0.0,30.0,21.0,84,51,11,W,3,Mainly clear sky with dry weather,IMD New Delhi & Meteorological Centre Bengaluru
2026-08-22,Ramanagara,Harohalli,Karnataka,4.2,31.5,22.0,84,51,11,W,5,Partly cloudy with light rain,IMD New Delhi & Meteorological Centre Bengaluru
2026-08-23,Ramanagara,Harohalli,Karnataka,0.0,33.0,20.0,84,51,11,W,3,Mainly clear sky with dry weather,IMD New Delhi & Meteorological Centre Bengaluru
2026-08-24,Ramanagara,Harohalli,Karnataka,4.2,30.0,21.0,84,51,11,W,5,Partly cloudy with light rain,IMD New Delhi & Meteorological Centre Bengaluru
2026-08-25,Ramanagara,Harohalli,Karnataka,0.0,31.5,22.0,84,51,11,W,3,Mainly clear sky with dry weather,IMD New Delhi & Meteorological Centre Bengaluru
2026-08-21,Ramanagara,Kanakapura,Karnataka,0.0,30.0,21.0,84,51,11,W,3,Mainly clear sky with dry weather,IMD New Delhi & Meteorological Centre Bengaluru
2026-08-22,Ramanagara,Kanakapura,Karnataka,4.2,31.5,22.0,84,51,11,W,5,Partly cloudy with light rain,IMD New Delhi & Meteorological Centre Bengaluru
2026-08-23,Ramanagara,Kanakapura,Karnataka,0.0,33.0,20.0,84,51,11,W,3,Mainly clear sky with dry weather,IMD New Delhi & Meteorological Centre Bengaluru
2026-08-24,Ramanagara,Kanakapura,Karnataka,4.2,30.0,21.0,84,51,11,W,5,Partly cloudy with light rain,IMD New Delhi & Meteorological Centre Bengaluru
2026-08-25,Ramanagara,Kanakapura,Karnataka,0.0,31.5,22.0,84,51,11,W,3,Mainly clear sky with dry weather,IMD New Delhi & Meteorological Centre Bengaluru
2026-08-21,Ramanagara,Magadi,Karnataka,0.0,30.0,21.0,84,51,11,W,3,Mainly clear sky with dry weather,IMD New Delhi & Meteorological Centre Bengaluru
2026-08-22,Ramanagara,Magadi,Karnataka,4.2,31.5,22.0,84,51,11,W,5,Partly cloudy with light rain,IMD New Delhi & Meteorological Centre Bengaluru
2026-08-23,Ramanagara,Magadi,Karnataka,0.0,33.0,20.0,84,51,11,W,3,Mainly clear sky with dry weather,IMD New Delhi & Meteorological Centre Bengaluru
2026-08-24,Ramanagara,Magadi,Karnataka,4.2,30.0,21.0,84,51,11,W,5,Partly cloudy with light rain,IMD New Delhi & Meteorological Centre Bengaluru
2026-08-25,Ramanagara,Magadi,Karnataka,0.0,31.5,22.0,84,51,11,W,3,Mainly clear sky with dry weather,IMD New Delhi & Meteorological Centre Bengaluru
2026-08-21,Shivamogga,Shivamogga,Karnataka,0.0,30.0,22.0,88,65,11,WSW,4,Mainly clear sky with dry weather,IMD New Delhi & Meteorological Centre Bengaluru
2026-08-22,Shivamogga,Shivamogga,Karnataka,9.2,31.5,23.0,88,65,11,WSW,6,Partly cloudy with light rain,IMD New Delhi & Meteorological Centre Bengaluru
2026-08-23,Shivamogga,Shivamogga,Karnataka,0.0,33.0,21.0,88,65,11,WSW,4,Mainly clear sky with dry weather,IMD New Delhi & Meteorological Centre Bengaluru
2026-08-24,Shivamogga,Shivamogga,Karnataka,9.2,30.0,22.0,88,65,11,WSW,6,Partly cloudy with light rain,IMD New Delhi & Meteorological Centre Bengaluru
2026-08-25,Shivamogga,Shivamogga,Karnataka,0.0,31.5,23.0,88,65,11,WSW,4,Mainly clear sky with dry weather,IMD New Delhi & Meteorological Centre Bengaluru
2026-08-21,Shivamogga,Bhadravathi,Karnataka,0.0,30.0,22.0,88,65,11,WSW,4,Mainly clear sky with dry weather,IMD New Delhi & Meteorological Centre Bengaluru
2026-08-22,Shivamogga,Bhadravathi,Karnataka,9.2,31.5,23.0,88,65,11,WSW,6,Partly cloudy with light rain,IMD New Delhi & Meteorological Centre Bengaluru
2026-08-23,Shivamogga,Bhadravathi,Karnataka,0.0,33.0,21.0,88,65,11,WSW,4,Mainly clear sky with dry weather,IMD New Delhi & Meteorological Centre Bengaluru
2026-08-24,Shivamogga,Bhadravathi,Karnataka,9.2,30.0,22.0,88,65,11,WSW,6,Partly cloudy with light rain,IMD New Delhi & Meteorological Centre Bengaluru
2026-08-25,Shivamogga,Bhadravathi,Karnataka,0.0,31.5,23.0,88,65,11,WSW,4,Mainly clear sky with dry weather,IMD New Delhi & Meteorological Centre Bengaluru
2026-08-21,Shivamogga,Hosanagara,Karnataka,0.0,30.0,22.0,88,65,11,WSW,4,Mainly clear sky with dry weather,IMD New Delhi & Meteorological Centre Bengaluru
2026-08-22,Shivamogga,Hosanagara,Karnataka,9.2,31.5,23.0,88,65,11,WSW,6,Partly cloudy with light rain,IMD New Delhi & Meteorological Centre Bengaluru
2026-08-23,Shivamogga,Hosanagara,Karnataka,0.0,33.0,21.0,88,65,11,WSW,4,Mainly clear sky with dry weather,IMD New Delhi & Meteorological Centre Bengaluru
2026-08-24,Shivamogga,Hosanagara,Karnataka,9.2,30.0,22.0,88,65,11,WSW,6,Partly cloudy with light rain,IMD New Delhi & Meteorological Centre Bengaluru
2026-08-25,Shivamogga,Hosanagara,Karnataka,0.0,31.5,23.0,88,65,11,WSW,4,Mainly clear sky with dry weather,IMD New Delhi & Meteorological Centre Bengaluru
2026-08-21,Shivamogga,Sagara,Karnataka,0.0,30.0,22.0,88,65,11,WSW,4,Mainly clear sky with dry weather,IMD New Delhi & Meteorological Centre Bengaluru
2026-08-22,Shivamogga,Sagara,Karnataka,9.2,31.5,23.0,88,65,11,WSW,6,Partly cloudy with light rain,IMD New Delhi & Meteorological Centre Bengaluru
2026-08-23,Shivamogga,Sagara,Karnataka,0.0,33.0,21.0,88,65,11,WSW,4,Mainly clear sky with dry weather,IMD New Delhi & Meteorological Centre Bengaluru
2026-08-24,Shivamogga,Sagara,Karnataka,9.2,30.0,22.0,88,65,11,WSW,6,Partly cloudy with light rain,IMD New Delhi & Meteorological Centre Bengaluru
2026-08-25,Shivamogga,Sagara,Karnataka,0.0,31.5,23.0,88,65,11,WSW,4,Mainly clear sky with dry weather,IMD New Delhi & Meteorological Centre Bengaluru
2026-08-21,Shivamogga,Shikaripura,Karnataka,0.0,30.0,22.0,88,65,11,WSW,4,Mainly clear sky with dry weather,IMD New Delhi & Meteorological Centre Bengaluru
2026-08-22,Shivamogga,Shikaripura,Karnataka,9.2,31.5,23.0,88,65,11,WSW,6,Partly cloudy with light rain,IMD New Delhi & Meteorological Centre Bengaluru
2026-08-23,Shivamogga,Shikaripura,Karnataka,0.0,33.0,21.0,88,65,11,WSW,4,Mainly clear sky with dry weather,IMD New Delhi & Meteorological Centre Bengaluru
2026-08-24,Shivamogga,Shikaripura,Karnataka,9.2,30.0,22.0,88,65,11,WSW,6,Partly cloudy with light rain,IMD New Delhi & Meteorological Centre Bengaluru
2026-08-25,Shivamogga,Shikaripura,Karnataka,0.0,31.5,23.0,88,65,11,WSW,4,Mainly clear sky with dry weather,IMD New Delhi & Meteorological Centre Bengaluru
2026-08-21,Shivamogga,Soraba,Karnataka,0.0,30.0,22.0,88,65,11,WSW,4,Mainly clear sky with dry weather,IMD New Delhi & Meteorological Centre Bengaluru
2026-08-22,Shivamogga,Soraba,Karnataka,9.2,31.5,23.0,88,65,11,WSW,6,Partly cloudy with light rain,IMD New Delhi & Meteorological Centre Bengaluru
2026-08-23,Shivamogga,Soraba,Karnataka,0.0,33.0,21.0,88,65,11,WSW,4,Mainly clear sky with dry weather,IMD New Delhi & Meteorological Centre Bengaluru
2026-08-24,Shivamogga,Soraba,Karnataka,9.2,30.0,22.0,88,65,11,WSW,6,Partly cloudy with light rain,IMD New Delhi & Meteorological Centre Bengaluru
2026-08-25,Shivamogga,Soraba,Karnataka,0.0,31.5,23.0,88,65,11,WSW,4,Mainly clear sky with dry weather,IMD New Delhi & Meteorological Centre Bengaluru
2026-08-21,Shivamogga,Thirthahalli,Karnataka,0.0,30.0,22.0,88,65,11,WSW,4,Mainly clear sky with dry weather,IMD New Delhi & Meteorological Centre Bengaluru
2026-08-22,Shivamogga,Thirthahalli,Karnataka,9.2,31.5,23.0,88,65,11,WSW,6,Partly cloudy with light rain,IMD New Delhi & Meteorological Centre Bengaluru
2026-08-23,Shivamogga,Thirthahalli,Karnataka,0.0,33.0,21.0,88,65,11,WSW,4,Mainly clear sky with dry weather,IMD New Delhi & Meteorological Centre Bengaluru
2026-08-24,Shivamogga,Thirthahalli,Karnataka,9.2,30.0,22.0,88,65,11,WSW,6,Partly cloudy with light rain,IMD New Delhi & Meteorological Centre Bengaluru
2026-08-25,Shivamogga,Thirthahalli,Karnataka,0.0,31.5,23.0,88,65,11,WSW,4,Mainly clear sky with dry weather,IMD New Delhi & Meteorological Centre Bengaluru
2026-08-21,Tumakuru,Tumakuru,Karnataka,0.0,31.0,21.0,82,49,12,W,3,Mainly clear sky with dry weather,IMD New Delhi & Meteorological Centre Bengaluru
2026-08-22,Tumakuru,Tumakuru,Karnataka,4.8,32.5,22.0,82,49,12,W,5,Partly cloudy with light rain,IMD New Delhi & Meteorological Centre Bengaluru
2026-08-23,Tumakuru,Tumakuru,Karnataka,0.0,34.0,20.0,82,49,12,W,3,Mainly clear sky with dry weather,IMD New Delhi & Meteorological Centre Bengaluru
2026-08-24,Tumakuru,Tumakuru,Karnataka,4.8,31.0,21.0,82,49,12,W,5,Partly cloudy with light rain,IMD New Delhi & Meteorological Centre Bengaluru
2026-08-25,Tumakuru,Tumakuru,Karnataka,0.0,32.5,22.0,82,49,12,W,3,Mainly clear sky with dry weather,IMD New Delhi & Meteorological Centre Bengaluru
2026-08-21,Tumakuru,Chikkanayakanahalli,Karnataka,0.0,31.0,21.0,82,49,12,W,3,Mainly clear sky with dry weather,IMD New Delhi & Meteorological Centre Bengaluru
2026-08-22,Tumakuru,Chikkanayakanahalli,Karnataka,4.8,32.5,22.0,82,49,12,W,5,Partly cloudy with light rain,IMD New Delhi & Meteorological Centre Bengaluru
2026-08-23,Tumakuru,Chikkanayakanahalli,Karnataka,0.0,34.0,20.0,82,49,12,W,3,Mainly clear sky with dry weather,IMD New Delhi & Meteorological Centre Bengaluru
2026-08-24,Tumakuru,Chikkanayakanahalli,Karnataka,4.8,31.0,21.0,82,49,12,W,5,Partly cloudy with light rain,IMD New Delhi & Meteorological Centre Bengaluru
2026-08-25,Tumakuru,Chikkanayakanahalli,Karnataka,0.0,32.5,22.0,82,49,12,W,3,Mainly clear sky with dry weather,IMD New Delhi & Meteorological Centre Bengaluru
2026-08-21,Tumakuru,Gubbi,Karnataka,0.0,31.0,21.0,82,49,12,W,3,Mainly clear sky with dry weather,IMD New Delhi & Meteorological Centre Bengaluru
2026-08-22,Tumakuru,Gubbi,Karnataka,4.8,32.5,22.0,82,49,12,W,5,Partly cloudy with light rain,IMD New Delhi & Meteorological Centre Bengaluru
2026-08-23,Tumakuru,Gubbi,Karnataka,0.0,34.0,20.0,82,49,12,W,3,Mainly clear sky with dry weather,IMD New Delhi & Meteorological Centre Bengaluru
2026-08-24,Tumakuru,Gubbi,Karnataka,4.8,31.0,21.0,82,49,12,W,5,Partly cloudy with light rain,IMD New Delhi & Meteorological Centre Bengaluru
2026-08-25,Tumakuru,Gubbi,Karnataka,0.0,32.5,22.0,82,49,12,W,3,Mainly clear sky with dry weather,IMD New Delhi & Meteorological Centre Bengaluru
2026-08-21,Tumakuru,Koratagere,Karnataka,0.0,31.0,21.0,82,49,12,W,3,Mainly clear sky with dry weather,IMD New Delhi & Meteorological Centre Bengaluru
2026-08-22,Tumakuru,Koratagere,Karnataka,4.8,32.5,22.0,82,49,12,W,5,Partly cloudy with light rain,IMD New Delhi & Meteorological Centre Bengaluru
2026-08-23,Tumakuru,Koratagere,Karnataka,0.0,34.0,20.0,82,49,12,W,3,Mainly clear sky with dry weather,IMD New Delhi & Meteorological Centre Bengaluru
2026-08-24,Tumakuru,Koratagere,Karnataka,4.8,31.0,21.0,82,49,12,W,5,Partly cloudy with light rain,IMD New Delhi & Meteorological Centre Bengaluru
2026-08-25,Tumakuru,Koratagere,Karnataka,0.0,32.5,22.0,82,49,12,W,3,Mainly clear sky with dry weather,IMD New Delhi & Meteorological Centre Bengaluru
2026-08-21,Tumakuru,Kunigal,Karnataka,0.0,31.0,21.0,82,49,12,W,3,Mainly clear sky with dry weather,IMD New Delhi & Meteorological Centre Bengaluru
2026-08-22,Tumakuru,Kunigal,Karnataka,4.8,32.5,22.0,82,49,12,W,5,Partly cloudy with light rain,IMD New Delhi & Meteorological Centre Bengaluru
2026-08-23,Tumakuru,Kunigal,Karnataka,0.0,34.0,20.0,82,49,12,W,3,Mainly clear sky with dry weather,IMD New Delhi & Meteorological Centre Bengaluru
2026-08-24,Tumakuru,Kunigal,Karnataka,4.8,31.0,21.0,82,49,12,W,5,Partly cloudy with light rain,IMD New Delhi & Meteorological Centre Bengaluru
2026-08-25,Tumakuru,Kunigal,Karnataka,0.0,32.5,22.0,82,49,12,W,3,Mainly clear sky with dry weather,IMD New Delhi & Meteorological Centre Bengaluru
2026-08-21,Tumakuru,Madhugiri,Karnataka,0.0,31.0,21.0,82,49,12,W,3,Mainly clear sky with dry weather,IMD New Delhi & Meteorological Centre Bengaluru
2026-08-22,Tumakuru,Madhugiri,Karnataka,4.8,32.5,22.0,82,49,12,W,5,Partly cloudy with light rain,IMD New Delhi & Meteorological Centre Bengaluru
2026-08-23,Tumakuru,Madhugiri,Karnataka,0.0,34.0,20.0,82,49,12,W,3,Mainly clear sky with dry weather,IMD New Delhi & Meteorological Centre Bengaluru
2026-08-24,Tumakuru,Madhugiri,Karnataka,4.8,31.0,21.0,82,49,12,W,5,Partly cloudy with light rain,IMD New Delhi & Meteorological Centre Bengaluru
2026-08-25,Tumakuru,Madhugiri,Karnataka,0.0,32.5,22.0,82,49,12,W,3,Mainly clear sky with dry weather,IMD New Delhi & Meteorological Centre Bengaluru
2026-08-21,Tumakuru,Pavagada,Karnataka,0.0,31.0,21.0,82,49,12,W,3,Mainly clear sky with dry weather,IMD New Delhi & Meteorological Centre Bengaluru
2026-08-22,Tumakuru,Pavagada,Karnataka,4.8,32.5,22.0,82,49,12,W,5,Partly cloudy with light rain,IMD New Delhi & Meteorological Centre Bengaluru
2026-08-23,Tumakuru,Pavagada,Karnataka,0.0,34.0,20.0,82,49,12,W,3,Mainly clear sky with dry weather,IMD New Delhi & Meteorological Centre Bengaluru
2026-08-24,Tumakuru,Pavagada,Karnataka,4.8,31.0,21.0,82,49,12,W,5,Partly cloudy with light rain,IMD New Delhi & Meteorological Centre Bengaluru
2026-08-25,Tumakuru,Pavagada,Karnataka,0.0,32.5,22.0,82,49,12,W,3,Mainly clear sky with dry weather,IMD New Delhi & Meteorological Centre Bengaluru
2026-08-21,Tumakuru,Sira,Karnataka,0.0,31.0,21.0,82,49,12,W,3,Mainly clear sky with dry weather,IMD New Delhi & Meteorological Centre Bengaluru
2026-08-22,Tumakuru,Sira,Karnataka,4.8,32.5,22.0,82,49,12,W,5,Partly cloudy with light rain,IMD New Delhi & Meteorological Centre Bengaluru
2026-08-23,Tumakuru,Sira,Karnataka,0.0,34.0,20.0,82,49,12,W,3,Mainly clear sky with dry weather,IMD New Delhi & Meteorological Centre Bengaluru
2026-08-24,Tumakuru,Sira,Karnataka,4.8,31.0,21.0,82,49,12,W,5,Partly cloudy with light rain,IMD New Delhi & Meteorological Centre Bengaluru
2026-08-25,Tumakuru,Sira,Karnataka,0.0,32.5,22.0,82,49,12,W,3,Mainly clear sky with dry weather,IMD New Delhi & Meteorological Centre Bengaluru
2026-08-21,Tumakuru,Tiptur,Karnataka,0.0,31.0,21.0,82,49,12,W,3,Mainly clear sky with dry weather,IMD New Delhi & Meteorological Centre Bengaluru
2026-08-22,Tumakuru,Tiptur,Karnataka,4.8,32.5,22.0,82,49,12,W,5,Partly cloudy with light rain,IMD New Delhi & Meteorological Centre Bengaluru
2026-08-23,Tumakuru,Tiptur,Karnataka,0.0,34.0,20.0,82,49,12,W,3,Mainly clear sky with dry weather,IMD New Delhi & Meteorological Centre Bengaluru
2026-08-24,Tumakuru,Tiptur,Karnataka,4.8,31.0,21.0,82,49,12,W,5,Partly cloudy with light rain,IMD New Delhi & Meteorological Centre Bengaluru
2026-08-25,Tumakuru,Tiptur,Karnataka,0.0,32.5,22.0,82,49,12,W,3,Mainly clear sky with dry weather,IMD New Delhi & Meteorological Centre Bengaluru
2026-08-21,Tumakuru,Turuvekere,Karnataka,0.0,31.0,21.0,82,49,12,W,3,Mainly clear sky with dry weather,IMD New Delhi & Meteorological Centre Bengaluru
2026-08-22,Tumakuru,Turuvekere,Karnataka,4.8,32.5,22.0,82,49,12,W,5,Partly cloudy with light rain,IMD New Delhi & Meteorological Centre Bengaluru
2026-08-23,Tumakuru,Turuvekere,Karnataka,0.0,34.0,20.0,82,49,12,W,3,Mainly clear sky with dry weather,IMD New Delhi & Meteorological Centre Bengaluru
2026-08-24,Tumakuru,Turuvekere,Karnataka,4.8,31.0,21.0,82,49,12,W,5,Partly cloudy with light rain,IMD New Delhi & Meteorological Centre Bengaluru
2026-08-25,Tumakuru,Turuvekere,Karnataka,0.0,32.5,22.0,82,49,12,W,3,Mainly clear sky with dry weather,IMD New Delhi & Meteorological Centre Bengaluru
2026-08-21,Udupi,Udupi,Karnataka,0.0,31.0,24.0,90,74,12,WNW,4,Mainly clear sky with dry weather,IMD New Delhi & Meteorological Centre Bengaluru
2026-08-22,Udupi,Udupi,Karnataka,17.0,32.0,25.0,90,74,12,WNW,7,Cloudy with moderate showers,IMD New Delhi & Meteorological Centre Bengaluru
2026-08-23,Udupi,Udupi,Karnataka,0.0,33.0,23.0,90,74,12,WNW,4,Mainly clear sky with dry weather,IMD New Delhi & Meteorological Centre Bengaluru
2026-08-24,Udupi,Udupi,Karnataka,17.0,31.0,24.0,90,74,12,WNW,7,Cloudy with moderate showers,IMD New Delhi & Meteorological Centre Bengaluru
2026-08-25,Udupi,Udupi,Karnataka,0.0,32.0,25.0,90,74,12,WNW,4,Mainly clear sky with dry weather,IMD New Delhi & Meteorological Centre Bengaluru
2026-08-21,Udupi,Brahmavara,Karnataka,0.0,31.0,24.0,90,74,12,WNW,4,Mainly clear sky with dry weather,IMD New Delhi & Meteorological Centre Bengaluru
2026-08-22,Udupi,Brahmavara,Karnataka,17.0,32.0,25.0,90,74,12,WNW,7,Cloudy with moderate showers,IMD New Delhi & Meteorological Centre Bengaluru
2026-08-23,Udupi,Brahmavara,Karnataka,0.0,33.0,23.0,90,74,12,WNW,4,Mainly clear sky with dry weather,IMD New Delhi & Meteorological Centre Bengaluru
2026-08-24,Udupi,Brahmavara,Karnataka,17.0,31.0,24.0,90,74,12,WNW,7,Cloudy with moderate showers,IMD New Delhi & Meteorological Centre Bengaluru
2026-08-25,Udupi,Brahmavara,Karnataka,0.0,32.0,25.0,90,74,12,WNW,4,Mainly clear sky with dry weather,IMD New Delhi & Meteorological Centre Bengaluru
2026-08-21,Udupi,Byndoor,Karnataka,0.0,31.0,24.0,90,74,12,WNW,4,Mainly clear sky with dry weather,IMD New Delhi & Meteorological Centre Bengaluru
2026-08-22,Udupi,Byndoor,Karnataka,17.0,32.0,25.0,90,74,12,WNW,7,Cloudy with moderate showers,IMD New Delhi & Meteorological Centre Bengaluru
2026-08-23,Udupi,Byndoor,Karnataka,0.0,33.0,23.0,90,74,12,WNW,4,Mainly clear sky with dry weather,IMD New Delhi & Meteorological Centre Bengaluru
2026-08-24,Udupi,Byndoor,Karnataka,17.0,31.0,24.0,90,74,12,WNW,7,Cloudy with moderate showers,IMD New Delhi & Meteorological Centre Bengaluru
2026-08-25,Udupi,Byndoor,Karnataka,0.0,32.0,25.0,90,74,12,WNW,4,Mainly clear sky with dry weather,IMD New Delhi & Meteorological Centre Bengaluru
2026-08-21,Udupi,Karkala,Karnataka,0.0,31.0,24.0,90,74,12,WNW,4,Mainly clear sky with dry weather,IMD New Delhi & Meteorological Centre Bengaluru
2026-08-22,Udupi,Karkala,Karnataka,17.0,32.0,25.0,90,74,12,WNW,7,Cloudy with moderate showers,IMD New Delhi & Meteorological Centre Bengaluru
2026-08-23,Udupi,Karkala,Karnataka,0.0,33.0,23.0,90,74,12,WNW,4,Mainly clear sky with dry weather,IMD New Delhi & Meteorological Centre Bengaluru
2026-08-24,Udupi,Karkala,Karnataka,17.0,31.0,24.0,90,74,12,WNW,7,Cloudy with moderate showers,IMD New Delhi & Meteorological Centre Bengaluru
2026-08-25,Udupi,Karkala,Karnataka,0.0,32.0,25.0,90,74,12,WNW,4,Mainly clear sky with dry weather,IMD New Delhi & Meteorological Centre Bengaluru
2026-08-21,Udupi,Kaup,Karnataka,0.0,31.0,24.0,90,74,12,WNW,4,Mainly clear sky with dry weather,IMD New Delhi & Meteorological Centre Bengaluru
2026-08-22,Udupi,Kaup,Karnataka,17.0,32.0,25.0,90,74,12,WNW,7,Cloudy with moderate showers,IMD New Delhi & Meteorological Centre Bengaluru
2026-08-23,Udupi,Kaup,Karnataka,0.0,33.0,23.0,90,74,12,WNW,4,Mainly clear sky with dry weather,IMD New Delhi & Meteorological Centre Bengaluru
2026-08-24,Udupi,Kaup,Karnataka,17.0,31.0,24.0,90,74,12,WNW,7,Cloudy with moderate showers,IMD New Delhi & Meteorological Centre Bengaluru
2026-08-25,Udupi,Kaup,Karnataka,0.0,32.0,25.0,90,74,12,WNW,4,Mainly clear sky with dry weather,IMD New Delhi & Meteorological Centre Bengaluru
2026-08-21,Udupi,Kundapura,Karnataka,0.0,31.0,24.0,90,74,12,WNW,4,Mainly clear sky with dry weather,IMD New Delhi & Meteorological Centre Bengaluru
2026-08-22,Udupi,Kundapura,Karnataka,17.0,32.0,25.0,90,74,12,WNW,7,Cloudy with moderate showers,IMD New Delhi & Meteorological Centre Bengaluru
2026-08-23,Udupi,Kundapura,Karnataka,0.0,33.0,23.0,90,74,12,WNW,4,Mainly clear sky with dry weather,IMD New Delhi & Meteorological Centre Bengaluru
2026-08-24,Udupi,Kundapura,Karnataka,17.0,31.0,24.0,90,74,12,WNW,7,Cloudy with moderate showers,IMD New Delhi & Meteorological Centre Bengaluru
2026-08-25,Udupi,Kundapura,Karnataka,0.0,32.0,25.0,90,74,12,WNW,4,Mainly clear sky with dry weather,IMD New Delhi & Meteorological Centre Bengaluru
2026-08-21,Udupi,Hebri,Karnataka,0.0,31.0,24.0,90,74,12,WNW,4,Mainly clear sky with dry weather,IMD New Delhi & Meteorological Centre Bengaluru
2026-08-22,Udupi,Hebri,Karnataka,17.0,32.0,25.0,90,74,12,WNW,7,Cloudy with moderate showers,IMD New Delhi & Meteorological Centre Bengaluru
2026-08-23,Udupi,Hebri,Karnataka,0.0,33.0,23.0,90,74,12,WNW,4,Mainly clear sky with dry weather,IMD New Delhi & Meteorological Centre Bengaluru
2026-08-24,Udupi,Hebri,Karnataka,17.0,31.0,24.0,90,74,12,WNW,7,Cloudy with moderate showers,IMD New Delhi & Meteorological Centre Bengaluru
2026-08-25,Udupi,Hebri,Karnataka,0.0,32.0,25.0,90,74,12,WNW,4,Mainly clear sky with dry weather,IMD New Delhi & Meteorological Centre Bengaluru
2026-08-21,Uttara Kannada,Karwar,Karnataka,0.0,30.0,23.0,89,71,11,W,4,Mainly clear sky with dry weather,IMD New Delhi & Meteorological Centre Bengaluru
2026-08-22,Uttara Kannada,Karwar,Karnataka,13.6,31.5,24.0,89,71,11,W,6,Cloudy with moderate showers,IMD New Delhi & Meteorological Centre Bengaluru
2026-08-23,Uttara Kannada,Karwar,Karnataka,0.0,33.0,22.0,89,71,11,W,4,Mainly clear sky with dry weather,IMD New Delhi & Meteorological Centre Bengaluru
2026-08-24,Uttara Kannada,Karwar,Karnataka,13.6,30.0,23.0,89,71,11,W,6,Cloudy with moderate showers,IMD New Delhi & Meteorological Centre Bengaluru
2026-08-25,Uttara Kannada,Karwar,Karnataka,0.0,31.5,24.0,89,71,11,W,4,Mainly clear sky with dry weather,IMD New Delhi & Meteorological Centre Bengaluru
2026-08-21,Uttara Kannada,Ankola,Karnataka,0.0,30.0,23.0,89,71,11,W,4,Mainly clear sky with dry weather,IMD New Delhi & Meteorological Centre Bengaluru
2026-08-22,Uttara Kannada,Ankola,Karnataka,13.6,31.5,24.0,89,71,11,W,6,Cloudy with moderate showers,IMD New Delhi & Meteorological Centre Bengaluru
2026-08-23,Uttara Kannada,Ankola,Karnataka,0.0,33.0,22.0,89,71,11,W,4,Mainly clear sky with dry weather,IMD New Delhi & Meteorological Centre Bengaluru
2026-08-24,Uttara Kannada,Ankola,Karnataka,13.6,30.0,23.0,89,71,11,W,6,Cloudy with moderate showers,IMD New Delhi & Meteorological Centre Bengaluru
2026-08-25,Uttara Kannada,Ankola,Karnataka,0.0,31.5,24.0,89,71,11,W,4,Mainly clear sky with dry weather,IMD New Delhi & Meteorological Centre Bengaluru
2026-08-21,Uttara Kannada,Bhatkal,Karnataka,0.0,30.0,23.0,89,71,11,W,4,Mainly clear sky with dry weather,IMD New Delhi & Meteorological Centre Bengaluru
2026-08-22,Uttara Kannada,Bhatkal,Karnataka,13.6,31.5,24.0,89,71,11,W,6,Cloudy with moderate showers,IMD New Delhi & Meteorological Centre Bengaluru
2026-08-23,Uttara Kannada,Bhatkal,Karnataka,0.0,33.0,22.0,89,71,11,W,4,Mainly clear sky with dry weather,IMD New Delhi & Meteorological Centre Bengaluru
2026-08-24,Uttara Kannada,Bhatkal,Karnataka,13.6,30.0,23.0,89,71,11,W,6,Cloudy with moderate showers,IMD New Delhi & Meteorological Centre Bengaluru
2026-08-25,Uttara Kannada,Bhatkal,Karnataka,0.0,31.5,24.0,89,71,11,W,4,Mainly clear sky with dry weather,IMD New Delhi & Meteorological Centre Bengaluru
2026-08-21,Uttara Kannada,Haliyal,Karnataka,0.0,30.0,23.0,89,71,11,W,4,Mainly clear sky with dry weather,IMD New Delhi & Meteorological Centre Bengaluru
2026-08-22,Uttara Kannada,Haliyal,Karnataka,13.6,31.5,24.0,89,71,11,W,6,Cloudy with moderate showers,IMD New Delhi & Meteorological Centre Bengaluru
2026-08-23,Uttara Kannada,Haliyal,Karnataka,0.0,33.0,22.0,89,71,11,W,4,Mainly clear sky with dry weather,IMD New Delhi & Meteorological Centre Bengaluru
2026-08-24,Uttara Kannada,Haliyal,Karnataka,13.6,30.0,23.0,89,71,11,W,6,Cloudy with moderate showers,IMD New Delhi & Meteorological Centre Bengaluru
2026-08-25,Uttara Kannada,Haliyal,Karnataka,0.0,31.5,24.0,89,71,11,W,4,Mainly clear sky with dry weather,IMD New Delhi & Meteorological Centre Bengaluru
2026-08-21,Uttara Kannada,Honnavar,Karnataka,0.0,30.0,23.0,89,71,11,W,4,Mainly clear sky with dry weather,IMD New Delhi & Meteorological Centre Bengaluru
2026-08-22,Uttara Kannada,Honnavar,Karnataka,13.6,31.5,24.0,89,71,11,W,6,Cloudy with moderate showers,IMD New Delhi & Meteorological Centre Bengaluru
2026-08-23,Uttara Kannada,Honnavar,Karnataka,0.0,33.0,22.0,89,71,11,W,4,Mainly clear sky with dry weather,IMD New Delhi & Meteorological Centre Bengaluru
2026-08-24,Uttara Kannada,Honnavar,Karnataka,13.6,30.0,23.0,89,71,11,W,6,Cloudy with moderate showers,IMD New Delhi & Meteorological Centre Bengaluru
2026-08-25,Uttara Kannada,Honnavar,Karnataka,0.0,31.5,24.0,89,71,11,W,4,Mainly clear sky with dry weather,IMD New Delhi & Meteorological Centre Bengaluru
2026-08-21,Uttara Kannada,Joida,Karnataka,0.0,30.0,23.0,89,71,11,W,4,Mainly clear sky with dry weather,IMD New Delhi & Meteorological Centre Bengaluru
2026-08-22,Uttara Kannada,Joida,Karnataka,13.6,31.5,24.0,89,71,11,W,6,Cloudy with moderate showers,IMD New Delhi & Meteorological Centre Bengaluru
2026-08-23,Uttara Kannada,Joida,Karnataka,0.0,33.0,22.0,89,71,11,W,4,Mainly clear sky with dry weather,IMD New Delhi & Meteorological Centre Bengaluru
2026-08-24,Uttara Kannada,Joida,Karnataka,13.6,30.0,23.0,89,71,11,W,6,Cloudy with moderate showers,IMD New Delhi & Meteorological Centre Bengaluru
2026-08-25,Uttara Kannada,Joida,Karnataka,0.0,31.5,24.0,89,71,11,W,4,Mainly clear sky with dry weather,IMD New Delhi & Meteorological Centre Bengaluru
2026-08-21,Uttara Kannada,Kumta,Karnataka,0.0,30.0,23.0,89,71,11,W,4,Mainly clear sky with dry weather,IMD New Delhi & Meteorological Centre Bengaluru
2026-08-22,Uttara Kannada,Kumta,Karnataka,13.6,31.5,24.0,89,71,11,W,6,Cloudy with moderate showers,IMD New Delhi & Meteorological Centre Bengaluru
2026-08-23,Uttara Kannada,Kumta,Karnataka,0.0,33.0,22.0,89,71,11,W,4,Mainly clear sky with dry weather,IMD New Delhi & Meteorological Centre Bengaluru
2026-08-24,Uttara Kannada,Kumta,Karnataka,13.6,30.0,23.0,89,71,11,W,6,Cloudy with moderate showers,IMD New Delhi & Meteorological Centre Bengaluru
2026-08-25,Uttara Kannada,Kumta,Karnataka,0.0,31.5,24.0,89,71,11,W,4,Mainly clear sky with dry weather,IMD New Delhi & Meteorological Centre Bengaluru
2026-08-21,Uttara Kannada,Mundgod,Karnataka,0.0,30.0,23.0,89,71,11,W,4,Mainly clear sky with dry weather,IMD New Delhi & Meteorological Centre Bengaluru
2026-08-22,Uttara Kannada,Mundgod,Karnataka,13.6,31.5,24.0,89,71,11,W,6,Cloudy with moderate showers,IMD New Delhi & Meteorological Centre Bengaluru
2026-08-23,Uttara Kannada,Mundgod,Karnataka,0.0,33.0,22.0,89,71,11,W,4,Mainly clear sky with dry weather,IMD New Delhi & Meteorological Centre Bengaluru
2026-08-24,Uttara Kannada,Mundgod,Karnataka,13.6,30.0,23.0,89,71,11,W,6,Cloudy with moderate showers,IMD New Delhi & Meteorological Centre Bengaluru
2026-08-25,Uttara Kannada,Mundgod,Karnataka,0.0,31.5,24.0,89,71,11,W,4,Mainly clear sky with dry weather,IMD New Delhi & Meteorological Centre Bengaluru
2026-08-21,Uttara Kannada,Siddapur,Karnataka,0.0,30.0,23.0,89,71,11,W,4,Mainly clear sky with dry weather,IMD New Delhi & Meteorological Centre Bengaluru
2026-08-22,Uttara Kannada,Siddapur,Karnataka,13.6,31.5,24.0,89,71,11,W,6,Cloudy with moderate showers,IMD New Delhi & Meteorological Centre Bengaluru
2026-08-23,Uttara Kannada,Siddapur,Karnataka,0.0,33.0,22.0,89,71,11,W,4,Mainly clear sky with dry weather,IMD New Delhi & Meteorological Centre Bengaluru
2026-08-24,Uttara Kannada,Siddapur,Karnataka,13.6,30.0,23.0,89,71,11,W,6,Cloudy with moderate showers,IMD New Delhi & Meteorological Centre Bengaluru
2026-08-25,Uttara Kannada,Siddapur,Karnataka,0.0,31.5,24.0,89,71,11,W,4,Mainly clear sky with dry weather,IMD New Delhi & Meteorological Centre Bengaluru
2026-08-21,Uttara Kannada,Sirsi,Karnataka,0.0,30.0,23.0,89,71,11,W,4,Mainly clear sky with dry weather,IMD New Delhi & Meteorological Centre Bengaluru
2026-08-22,Uttara Kannada,Sirsi,Karnataka,13.6,31.5,24.0,89,71,11,W,6,Cloudy with moderate showers,IMD New Delhi & Meteorological Centre Bengaluru
2026-08-23,Uttara Kannada,Sirsi,Karnataka,0.0,33.0,22.0,89,71,11,W,4,Mainly clear sky with dry weather,IMD New Delhi & Meteorological Centre Bengaluru
2026-08-24,Uttara Kannada,Sirsi,Karnataka,13.6,30.0,23.0,89,71,11,W,6,Cloudy with moderate showers,IMD New Delhi & Meteorological Centre Bengaluru
2026-08-25,Uttara Kannada,Sirsi,Karnataka,0.0,31.5,24.0,89,71,11,W,4,Mainly clear sky with dry weather,IMD New Delhi & Meteorological Centre Bengaluru
2026-08-21,Uttara Kannada,Yellapur,Karnataka,0.0,30.0,23.0,89,71,11,W,4,Mainly clear sky with dry weather,IMD New Delhi & Meteorological Centre Bengaluru
2026-08-22,Uttara Kannada,Yellapur,Karnataka,13.6,31.5,24.0,89,71,11,W,6,Cloudy with moderate showers,IMD New Delhi & Meteorological Centre Bengaluru
2026-08-23,Uttara Kannada,Yellapur,Karnataka,0.0,33.0,22.0,89,71,11,W,4,Mainly clear sky with dry weather,IMD New Delhi & Meteorological Centre Bengaluru
2026-08-24,Uttara Kannada,Yellapur,Karnataka,13.6,30.0,23.0,89,71,11,W,6,Cloudy with moderate showers,IMD New Delhi & Meteorological Centre Bengaluru
2026-08-25,Uttara Kannada,Yellapur,Karnataka,0.0,31.5,24.0,89,71,11,W,4,Mainly clear sky with dry weather,IMD New Delhi & Meteorological Centre Bengaluru
2026-08-21,Vijayanagara,Hosapete,Karnataka,0.0,34.0,23.0,76,40,14,WNW,2,Mainly clear sky with dry weather,IMD New Delhi & Meteorological Centre Bengaluru
2026-08-22,Vijayanagara,Hosapete,Karnataka,0.0,35.5,24.0,76,40,14,WNW,2,Mainly clear sky with dry weather,IMD New Delhi & Meteorological Centre Bengaluru
2026-08-23,Vijayanagara,Hosapete,Karnataka,0.0,37.0,22.0,76,40,14,WNW,2,Mainly clear sky with dry weather,IMD New Delhi & Meteorological Centre Bengaluru
2026-08-24,Vijayanagara,Hosapete,Karnataka,0.0,34.0,23.0,76,40,14,WNW,2,Mainly clear sky with dry weather,IMD New Delhi & Meteorological Centre Bengaluru
2026-08-25,Vijayanagara,Hosapete,Karnataka,0.0,35.5,24.0,76,40,14,WNW,2,Mainly clear sky with dry weather,IMD New Delhi & Meteorological Centre Bengaluru
2026-08-21,Vijayanagara,Harapanahalli,Karnataka,0.0,34.0,23.0,76,40,14,WNW,2,Mainly clear sky with dry weather,IMD New Delhi & Meteorological Centre Bengaluru
2026-08-22,Vijayanagara,Harapanahalli,Karnataka,0.0,35.5,24.0,76,40,14,WNW,2,Mainly clear sky with dry weather,IMD New Delhi & Meteorological Centre Bengaluru
2026-08-23,Vijayanagara,Harapanahalli,Karnataka,0.0,37.0,22.0,76,40,14,WNW,2,Mainly clear sky with dry weather,IMD New Delhi & Meteorological Centre Bengaluru
2026-08-24,Vijayanagara,Harapanahalli,Karnataka,0.0,34.0,23.0,76,40,14,WNW,2,Mainly clear sky with dry weather,IMD New Delhi & Meteorological Centre Bengaluru
2026-08-25,Vijayanagara,Harapanahalli,Karnataka,0.0,35.5,24.0,76,40,14,WNW,2,Mainly clear sky with dry weather,IMD New Delhi & Meteorological Centre Bengaluru
2026-08-21,Vijayanagara,Hagaribommanahalli,Karnataka,0.0,34.0,23.0,76,40,14,WNW,2,Mainly clear sky with dry weather,IMD New Delhi & Meteorological Centre Bengaluru
2026-08-22,Vijayanagara,Hagaribommanahalli,Karnataka,0.0,35.5,24.0,76,40,14,WNW,2,Mainly clear sky with dry weather,IMD New Delhi & Meteorological Centre Bengaluru
2026-08-23,Vijayanagara,Hagaribommanahalli,Karnataka,0.0,37.0,22.0,76,40,14,WNW,2,Mainly clear sky with dry weather,IMD New Delhi & Meteorological Centre Bengaluru
2026-08-24,Vijayanagara,Hagaribommanahalli,Karnataka,0.0,34.0,23.0,76,40,14,WNW,2,Mainly clear sky with dry weather,IMD New Delhi & Meteorological Centre Bengaluru
2026-08-25,Vijayanagara,Hagaribommanahalli,Karnataka,0.0,35.5,24.0,76,40,14,WNW,2,Mainly clear sky with dry weather,IMD New Delhi & Meteorological Centre Bengaluru
2026-08-21,Vijayanagara,Hoovina Hadagali,Karnataka,0.0,34.0,23.0,76,40,14,WNW,2,Mainly clear sky with dry weather,IMD New Delhi & Meteorological Centre Bengaluru
2026-08-22,Vijayanagara,Hoovina Hadagali,Karnataka,0.0,35.5,24.0,76,40,14,WNW,2,Mainly clear sky with dry weather,IMD New Delhi & Meteorological Centre Bengaluru
2026-08-23,Vijayanagara,Hoovina Hadagali,Karnataka,0.0,37.0,22.0,76,40,14,WNW,2,Mainly clear sky with dry weather,IMD New Delhi & Meteorological Centre Bengaluru
2026-08-24,Vijayanagara,Hoovina Hadagali,Karnataka,0.0,34.0,23.0,76,40,14,WNW,2,Mainly clear sky with dry weather,IMD New Delhi & Meteorological Centre Bengaluru
2026-08-25,Vijayanagara,Hoovina Hadagali,Karnataka,0.0,35.5,24.0,76,40,14,WNW,2,Mainly clear sky with dry weather,IMD New Delhi & Meteorological Centre Bengaluru
2026-08-21,Vijayanagara,Kotturu,Karnataka,0.0,34.0,23.0,76,40,14,WNW,2,Mainly clear sky with dry weather,IMD New Delhi & Meteorological Centre Bengaluru
2026-08-22,Vijayanagara,Kotturu,Karnataka,0.0,35.5,24.0,76,40,14,WNW,2,Mainly clear sky with dry weather,IMD New Delhi & Meteorological Centre Bengaluru
2026-08-23,Vijayanagara,Kotturu,Karnataka,0.0,37.0,22.0,76,40,14,WNW,2,Mainly clear sky with dry weather,IMD New Delhi & Meteorological Centre Bengaluru
2026-08-24,Vijayanagara,Kotturu,Karnataka,0.0,34.0,23.0,76,40,14,WNW,2,Mainly clear sky with dry weather,IMD New Delhi & Meteorological Centre Bengaluru
2026-08-25,Vijayanagara,Kotturu,Karnataka,0.0,35.5,24.0,76,40,14,WNW,2,Mainly clear sky with dry weather,IMD New Delhi & Meteorological Centre Bengaluru
2026-08-21,Vijayanagara,Kudligi,Karnataka,0.0,34.0,23.0,76,40,14,WNW,2,Mainly clear sky with dry weather,IMD New Delhi & Meteorological Centre Bengaluru
2026-08-22,Vijayanagara,Kudligi,Karnataka,0.0,35.5,24.0,76,40,14,WNW,2,Mainly clear sky with dry weather,IMD New Delhi & Meteorological Centre Bengaluru
2026-08-23,Vijayanagara,Kudligi,Karnataka,0.0,37.0,22.0,76,40,14,WNW,2,Mainly clear sky with dry weather,IMD New Delhi & Meteorological Centre Bengaluru
2026-08-24,Vijayanagara,Kudligi,Karnataka,0.0,34.0,23.0,76,40,14,WNW,2,Mainly clear sky with dry weather,IMD New Delhi & Meteorological Centre Bengaluru
2026-08-25,Vijayanagara,Kudligi,Karnataka,0.0,35.5,24.0,76,40,14,WNW,2,Mainly clear sky with dry weather,IMD New Delhi & Meteorological Centre Bengaluru
2026-08-21,Vijayapura,Vijayapura,Karnataka,0.0,36.0,23.5,71,36,16,NW,2,Mainly clear sky with dry weather,IMD New Delhi & Meteorological Centre Bengaluru
2026-08-22,Vijayapura,Vijayapura,Karnataka,0.0,37.5,25.0,71,36,16,NW,2,Mainly clear sky with dry weather,IMD New Delhi & Meteorological Centre Bengaluru
2026-08-23,Vijayapura,Vijayapura,Karnataka,0.0,39.0,22.0,71,36,16,NW,2,Mainly clear sky with dry weather,IMD New Delhi & Meteorological Centre Bengaluru
2026-08-24,Vijayapura,Vijayapura,Karnataka,0.0,36.0,23.5,71,36,16,NW,2,Mainly clear sky with dry weather,IMD New Delhi & Meteorological Centre Bengaluru
2026-08-25,Vijayapura,Vijayapura,Karnataka,0.0,37.5,25.0,71,36,16,NW,2,Mainly clear sky with dry weather,IMD New Delhi & Meteorological Centre Bengaluru
2026-08-21,Vijayapura,Almatti,Karnataka,0.0,36.0,23.5,71,36,16,NW,2,Mainly clear sky with dry weather,IMD New Delhi & Meteorological Centre Bengaluru
2026-08-22,Vijayapura,Almatti,Karnataka,0.0,37.5,25.0,71,36,16,NW,2,Mainly clear sky with dry weather,IMD New Delhi & Meteorological Centre Bengaluru
2026-08-23,Vijayapura,Almatti,Karnataka,0.0,39.0,22.0,71,36,16,NW,2,Mainly clear sky with dry weather,IMD New Delhi & Meteorological Centre Bengaluru
2026-08-24,Vijayapura,Almatti,Karnataka,0.0,36.0,23.5,71,36,16,NW,2,Mainly clear sky with dry weather,IMD New Delhi & Meteorological Centre Bengaluru
2026-08-25,Vijayapura,Almatti,Karnataka,0.0,37.5,25.0,71,36,16,NW,2,Mainly clear sky with dry weather,IMD New Delhi & Meteorological Centre Bengaluru
2026-08-21,Vijayapura,Babaleshwar,Karnataka,0.0,36.0,23.5,71,36,16,NW,2,Mainly clear sky with dry weather,IMD New Delhi & Meteorological Centre Bengaluru
2026-08-22,Vijayapura,Babaleshwar,Karnataka,0.0,37.5,25.0,71,36,16,NW,2,Mainly clear sky with dry weather,IMD New Delhi & Meteorological Centre Bengaluru
2026-08-23,Vijayapura,Babaleshwar,Karnataka,0.0,39.0,22.0,71,36,16,NW,2,Mainly clear sky with dry weather,IMD New Delhi & Meteorological Centre Bengaluru
2026-08-24,Vijayapura,Babaleshwar,Karnataka,0.0,36.0,23.5,71,36,16,NW,2,Mainly clear sky with dry weather,IMD New Delhi & Meteorological Centre Bengaluru
2026-08-25,Vijayapura,Babaleshwar,Karnataka,0.0,37.5,25.0,71,36,16,NW,2,Mainly clear sky with dry weather,IMD New Delhi & Meteorological Centre Bengaluru
2026-08-21,Vijayapura,Basavana Bagewadi,Karnataka,0.0,36.0,23.5,71,36,16,NW,2,Mainly clear sky with dry weather,IMD New Delhi & Meteorological Centre Bengaluru
2026-08-22,Vijayapura,Basavana Bagewadi,Karnataka,0.0,37.5,25.0,71,36,16,NW,2,Mainly clear sky with dry weather,IMD New Delhi & Meteorological Centre Bengaluru
2026-08-23,Vijayapura,Basavana Bagewadi,Karnataka,0.0,39.0,22.0,71,36,16,NW,2,Mainly clear sky with dry weather,IMD New Delhi & Meteorological Centre Bengaluru
2026-08-24,Vijayapura,Basavana Bagewadi,Karnataka,0.0,36.0,23.5,71,36,16,NW,2,Mainly clear sky with dry weather,IMD New Delhi & Meteorological Centre Bengaluru
2026-08-25,Vijayapura,Basavana Bagewadi,Karnataka,0.0,37.5,25.0,71,36,16,NW,2,Mainly clear sky with dry weather,IMD New Delhi & Meteorological Centre Bengaluru
2026-08-21,Vijayapura,Chadchan,Karnataka,0.0,36.0,23.5,71,36,16,NW,2,Mainly clear sky with dry weather,IMD New Delhi & Meteorological Centre Bengaluru
2026-08-22,Vijayapura,Chadchan,Karnataka,0.0,37.5,25.0,71,36,16,NW,2,Mainly clear sky with dry weather,IMD New Delhi & Meteorological Centre Bengaluru
2026-08-23,Vijayapura,Chadchan,Karnataka,0.0,39.0,22.0,71,36,16,NW,2,Mainly clear sky with dry weather,IMD New Delhi & Meteorological Centre Bengaluru
2026-08-24,Vijayapura,Chadchan,Karnataka,0.0,36.0,23.5,71,36,16,NW,2,Mainly clear sky with dry weather,IMD New Delhi & Meteorological Centre Bengaluru
2026-08-25,Vijayapura,Chadchan,Karnataka,0.0,37.5,25.0,71,36,16,NW,2,Mainly clear sky with dry weather,IMD New Delhi & Meteorological Centre Bengaluru
2026-08-21,Vijayapura,Devara Hipparagi,Karnataka,0.0,36.0,23.5,71,36,16,NW,2,Mainly clear sky with dry weather,IMD New Delhi & Meteorological Centre Bengaluru
2026-08-22,Vijayapura,Devara Hipparagi,Karnataka,0.0,37.5,25.0,71,36,16,NW,2,Mainly clear sky with dry weather,IMD New Delhi & Meteorological Centre Bengaluru
2026-08-23,Vijayapura,Devara Hipparagi,Karnataka,0.0,39.0,22.0,71,36,16,NW,2,Mainly clear sky with dry weather,IMD New Delhi & Meteorological Centre Bengaluru
2026-08-24,Vijayapura,Devara Hipparagi,Karnataka,0.0,36.0,23.5,71,36,16,NW,2,Mainly clear sky with dry weather,IMD New Delhi & Meteorological Centre Bengaluru
2026-08-25,Vijayapura,Devara Hipparagi,Karnataka,0.0,37.5,25.0,71,36,16,NW,2,Mainly clear sky with dry weather,IMD New Delhi & Meteorological Centre Bengaluru
2026-08-21,Vijayapura,Indi,Karnataka,0.0,36.0,23.5,71,36,16,NW,2,Mainly clear sky with dry weather,IMD New Delhi & Meteorological Centre Bengaluru
2026-08-22,Vijayapura,Indi,Karnataka,0.0,37.5,25.0,71,36,16,NW,2,Mainly clear sky with dry weather,IMD New Delhi & Meteorological Centre Bengaluru
2026-08-23,Vijayapura,Indi,Karnataka,0.0,39.0,22.0,71,36,16,NW,2,Mainly clear sky with dry weather,IMD New Delhi & Meteorological Centre Bengaluru
2026-08-24,Vijayapura,Indi,Karnataka,0.0,36.0,23.5,71,36,16,NW,2,Mainly clear sky with dry weather,IMD New Delhi & Meteorological Centre Bengaluru
2026-08-25,Vijayapura,Indi,Karnataka,0.0,37.5,25.0,71,36,16,NW,2,Mainly clear sky with dry weather,IMD New Delhi & Meteorological Centre Bengaluru
2026-08-21,Vijayapura,Kolhar,Karnataka,0.0,36.0,23.5,71,36,16,NW,2,Mainly clear sky with dry weather,IMD New Delhi & Meteorological Centre Bengaluru
2026-08-22,Vijayapura,Kolhar,Karnataka,0.0,37.5,25.0,71,36,16,NW,2,Mainly clear sky with dry weather,IMD New Delhi & Meteorological Centre Bengaluru
2026-08-23,Vijayapura,Kolhar,Karnataka,0.0,39.0,22.0,71,36,16,NW,2,Mainly clear sky with dry weather,IMD New Delhi & Meteorological Centre Bengaluru
2026-08-24,Vijayapura,Kolhar,Karnataka,0.0,36.0,23.5,71,36,16,NW,2,Mainly clear sky with dry weather,IMD New Delhi & Meteorological Centre Bengaluru
2026-08-25,Vijayapura,Kolhar,Karnataka,0.0,37.5,25.0,71,36,16,NW,2,Mainly clear sky with dry weather,IMD New Delhi & Meteorological Centre Bengaluru
2026-08-21,Vijayapura,Muddebihal,Karnataka,0.0,36.0,23.5,71,36,16,NW,2,Mainly clear sky with dry weather,IMD New Delhi & Meteorological Centre Bengaluru
2026-08-22,Vijayapura,Muddebihal,Karnataka,0.0,37.5,25.0,71,36,16,NW,2,Mainly clear sky with dry weather,IMD New Delhi & Meteorological Centre Bengaluru
2026-08-23,Vijayapura,Muddebihal,Karnataka,0.0,39.0,22.0,71,36,16,NW,2,Mainly clear sky with dry weather,IMD New Delhi & Meteorological Centre Bengaluru
2026-08-24,Vijayapura,Muddebihal,Karnataka,0.0,36.0,23.5,71,36,16,NW,2,Mainly clear sky with dry weather,IMD New Delhi & Meteorological Centre Bengaluru
2026-08-25,Vijayapura,Muddebihal,Karnataka,0.0,37.5,25.0,71,36,16,NW,2,Mainly clear sky with dry weather,IMD New Delhi & Meteorological Centre Bengaluru
2026-08-21,Vijayapura,Nidagundi,Karnataka,0.0,36.0,23.5,71,36,16,NW,2,Mainly clear sky with dry weather,IMD New Delhi & Meteorological Centre Bengaluru
2026-08-22,Vijayapura,Nidagundi,Karnataka,0.0,37.5,25.0,71,36,16,NW,2,Mainly clear sky with dry weather,IMD New Delhi & Meteorological Centre Bengaluru
2026-08-23,Vijayapura,Nidagundi,Karnataka,0.0,39.0,22.0,71,36,16,NW,2,Mainly clear sky with dry weather,IMD New Delhi & Meteorological Centre Bengaluru
2026-08-24,Vijayapura,Nidagundi,Karnataka,0.0,36.0,23.5,71,36,16,NW,2,Mainly clear sky with dry weather,IMD New Delhi & Meteorological Centre Bengaluru
2026-08-25,Vijayapura,Nidagundi,Karnataka,0.0,37.5,25.0,71,36,16,NW,2,Mainly clear sky with dry weather,IMD New Delhi & Meteorological Centre Bengaluru
2026-08-21,Vijayapura,Sindagi,Karnataka,0.0,36.0,23.5,71,36,16,NW,2,Mainly clear sky with dry weather,IMD New Delhi & Meteorological Centre Bengaluru
2026-08-22,Vijayapura,Sindagi,Karnataka,0.0,37.5,25.0,71,36,16,NW,2,Mainly clear sky with dry weather,IMD New Delhi & Meteorological Centre Bengaluru
2026-08-23,Vijayapura,Sindagi,Karnataka,0.0,39.0,22.0,71,36,16,NW,2,Mainly clear sky with dry weather,IMD New Delhi & Meteorological Centre Bengaluru
2026-08-24,Vijayapura,Sindagi,Karnataka,0.0,36.0,23.5,71,36,16,NW,2,Mainly clear sky with dry weather,IMD New Delhi & Meteorological Centre Bengaluru
2026-08-25,Vijayapura,Sindagi,Karnataka,0.0,37.5,25.0,71,36,16,NW,2,Mainly clear sky with dry weather,IMD New Delhi & Meteorological Centre Bengaluru
2026-08-21,Vijayapura,Talikote,Karnataka,0.0,36.0,23.5,71,36,16,NW,2,Mainly clear sky with dry weather,IMD New Delhi & Meteorological Centre Bengaluru
2026-08-22,Vijayapura,Talikote,Karnataka,0.0,37.5,25.0,71,36,16,NW,2,Mainly clear sky with dry weather,IMD New Delhi & Meteorological Centre Bengaluru
2026-08-23,Vijayapura,Talikote,Karnataka,0.0,39.0,22.0,71,36,16,NW,2,Mainly clear sky with dry weather,IMD New Delhi & Meteorological Centre Bengaluru
2026-08-24,Vijayapura,Talikote,Karnataka,0.0,36.0,23.5,71,36,16,NW,2,Mainly clear sky with dry weather,IMD New Delhi & Meteorological Centre Bengaluru
2026-08-25,Vijayapura,Talikote,Karnataka,0.0,37.5,25.0,71,36,16,NW,2,Mainly clear sky with dry weather,IMD New Delhi & Meteorological Centre Bengaluru
2026-08-21,Vijayapura,Tikota,Karnataka,0.0,36.0,23.5,71,36,16,NW,2,Mainly clear sky with dry weather,IMD New Delhi & Meteorological Centre Bengaluru
2026-08-22,Vijayapura,Tikota,Karnataka,0.0,37.5,25.0,71,36,16,NW,2,Mainly clear sky with dry weather,IMD New Delhi & Meteorological Centre Bengaluru
2026-08-23,Vijayapura,Tikota,Karnataka,0.0,39.0,22.0,71,36,16,NW,2,Mainly clear sky with dry weather,IMD New Delhi & Meteorological Centre Bengaluru
2026-08-24,Vijayapura,Tikota,Karnataka,0.0,36.0,23.5,71,36,16,NW,2,Mainly clear sky with dry weather,IMD New Delhi & Meteorological Centre Bengaluru
2026-08-25,Vijayapura,Tikota,Karnataka,0.0,37.5,25.0,71,36,16,NW,2,Mainly clear sky with dry weather,IMD New Delhi & Meteorological Centre Bengaluru
2026-08-21,Yadgir,Yadgir,Karnataka,0.0,36.0,24.0,72,36,14,NW,2,Mainly clear sky with dry weather,IMD New Delhi & Meteorological Centre Bengaluru
2026-08-22,Yadgir,Yadgir,Karnataka,0.0,37.5,25.0,72,36,14,NW,2,Mainly clear sky with dry weather,IMD New Delhi & Meteorological Centre Bengaluru
2026-08-23,Yadgir,Yadgir,Karnataka,0.0,39.0,23.0,72,36,14,NW,2,Mainly clear sky with dry weather,IMD New Delhi & Meteorological Centre Bengaluru
2026-08-24,Yadgir,Yadgir,Karnataka,0.0,36.0,24.0,72,36,14,NW,2,Mainly clear sky with dry weather,IMD New Delhi & Meteorological Centre Bengaluru
2026-08-25,Yadgir,Yadgir,Karnataka,0.0,37.5,25.0,72,36,14,NW,2,Mainly clear sky with dry weather,IMD New Delhi & Meteorological Centre Bengaluru
2026-08-21,Yadgir,Gurmitkal,Karnataka,0.0,36.0,24.0,72,36,14,NW,2,Mainly clear sky with dry weather,IMD New Delhi & Meteorological Centre Bengaluru
2026-08-22,Yadgir,Gurmitkal,Karnataka,0.0,37.5,25.0,72,36,14,NW,2,Mainly clear sky with dry weather,IMD New Delhi & Meteorological Centre Bengaluru
2026-08-23,Yadgir,Gurmitkal,Karnataka,0.0,39.0,23.0,72,36,14,NW,2,Mainly clear sky with dry weather,IMD New Delhi & Meteorological Centre Bengaluru
2026-08-24,Yadgir,Gurmitkal,Karnataka,0.0,36.0,24.0,72,36,14,NW,2,Mainly clear sky with dry weather,IMD New Delhi & Meteorological Centre Bengaluru
2026-08-25,Yadgir,Gurmitkal,Karnataka,0.0,37.5,25.0,72,36,14,NW,2,Mainly clear sky with dry weather,IMD New Delhi & Meteorological Centre Bengaluru
2026-08-21,Yadgir,Hunsagi,Karnataka,0.0,36.0,24.0,72,36,14,NW,2,Mainly clear sky with dry weather,IMD New Delhi & Meteorological Centre Bengaluru
2026-08-22,Yadgir,Hunsagi,Karnataka,0.0,37.5,25.0,72,36,14,NW,2,Mainly clear sky with dry weather,IMD New Delhi & Meteorological Centre Bengaluru
2026-08-23,Yadgir,Hunsagi,Karnataka,0.0,39.0,23.0,72,36,14,NW,2,Mainly clear sky with dry weather,IMD New Delhi & Meteorological Centre Bengaluru
2026-08-24,Yadgir,Hunsagi,Karnataka,0.0,36.0,24.0,72,36,14,NW,2,Mainly clear sky with dry weather,IMD New Delhi & Meteorological Centre Bengaluru
2026-08-25,Yadgir,Hunsagi,Karnataka,0.0,37.5,25.0,72,36,14,NW,2,Mainly clear sky with dry weather,IMD New Delhi & Meteorological Centre Bengaluru
2026-08-21,Yadgir,Shahapur,Karnataka,0.0,36.0,24.0,72,36,14,NW,2,Mainly clear sky with dry weather,IMD New Delhi & Meteorological Centre Bengaluru
2026-08-22,Yadgir,Shahapur,Karnataka,0.0,37.5,25.0,72,36,14,NW,2,Mainly clear sky with dry weather,IMD New Delhi & Meteorological Centre Bengaluru
2026-08-23,Yadgir,Shahapur,Karnataka,0.0,39.0,23.0,72,36,14,NW,2,Mainly clear sky with dry weather,IMD New Delhi & Meteorological Centre Bengaluru
2026-08-24,Yadgir,Shahapur,Karnataka,0.0,36.0,24.0,72,36,14,NW,2,Mainly clear sky with dry weather,IMD New Delhi & Meteorological Centre Bengaluru
2026-08-25,Yadgir,Shahapur,Karnataka,0.0,37.5,25.0,72,36,14,NW,2,Mainly clear sky with dry weather,IMD New Delhi & Meteorological Centre Bengaluru
2026-08-21,Yadgir,Shorapur,Karnataka,0.0,36.0,24.0,72,36,14,NW,2,Mainly clear sky with dry weather,IMD New Delhi & Meteorological Centre Bengaluru
2026-08-22,Yadgir,Shorapur,Karnataka,0.0,37.5,25.0,72,36,14,NW,2,Mainly clear sky with dry weather,IMD New Delhi & Meteorological Centre Bengaluru
2026-08-23,Yadgir,Shorapur,Karnataka,0.0,39.0,23.0,72,36,14,NW,2,Mainly clear sky with dry weather,IMD New Delhi & Meteorological Centre Bengaluru
2026-08-24,Yadgir,Shorapur,Karnataka,0.0,36.0,24.0,72,36,14,NW,2,Mainly clear sky with dry weather,IMD New Delhi & Meteorological Centre Bengaluru
2026-08-25,Yadgir,Shorapur,Karnataka,0.0,37.5,25.0,72,36,14,NW,2,Mainly clear sky with dry weather,IMD New Delhi & Meteorological Centre Bengaluru
2026-08-21,Yadgir,Vadagera,Karnataka,0.0,36.0,24.0,72,36,14,NW,2,Mainly clear sky with dry weather,IMD New Delhi & Meteorological Centre Bengaluru
2026-08-22,Yadgir,Vadagera,Karnataka,0.0,37.5,25.0,72,36,14,NW,2,Mainly clear sky with dry weather,IMD New Delhi & Meteorological Centre Bengaluru
2026-08-23,Yadgir,Vadagera,Karnataka,0.0,39.0,23.0,72,36,14,NW,2,Mainly clear sky with dry weather,IMD New Delhi & Meteorological Centre Bengaluru
2026-08-24,Yadgir,Vadagera,Karnataka,0.0,36.0,24.0,72,36,14,NW,2,Mainly clear sky with dry weather,IMD New Delhi & Meteorological Centre Bengaluru
2026-08-25,Yadgir,Vadagera,Karnataka,0.0,37.5,25.0,72,36,14,NW,2,Mainly clear sky with dry weather,IMD New Delhi & Meteorological Centre Bengaluru
